CSIsym,Date,Open,High,Low,Close,Volume,Open Interest,Contract,Seasonality,TR1,TR2,TR3,TR,Multiplier,Contract Value,ATR20,USD ATR,Target volatility,Account Size,QTY,% Change,Daily P&L,Risk On,Risk Off,Prev 1,Anti Prev 1,Prev 5,Low Eq,High Eq,Anti HE,Anti 50,Sea,Anti Sea,OTF Tile,OTF PnL,Anti PnL,Bench Close
BO,20171101,34.99776651,35.3609604,34.94732292,35.20962961,62794,142972,201712,2.97,0.41364,,,,600,21126,,,500,5000,,,,1,-1,0,0,,0,-1,1,-1,0,0,1,,,
BO,20171102,35.13900858,35.41140399,34.89687932,35.16927474,62477,135928,201712,3.03,0.51452,0.20177,0.31275,0.51452,600,21102,,,500,5000,,-0.001146132,,1,-1,-1,1,,-1,1,-1,1,0,0,-1,,,
BO,20171103,35.15918602,35.16927474,34.57404031,34.7253711,65478,140804,201712,3.08,0.59523,0.00000,0.59523,0.59523,600,20835,,,500,5000,,-0.012621916,,1,-1,-1,1,,0,-1,1,0,-1,1,-1,,,
BO,20171106,34.70519366,35.30042808,34.56395159,35.03812139,54000,137371,201712,3.09,0.73648,0.57506,0.16142,0.73648,600,21023,,,500,5000,,0.009006392,,1,-1,1,-1,,-1,0,0,-1,-1,1,0,,,
BO,20171107,34.96750035,35.43158143,34.91705676,35.33069424,73819,132055,201712,3.09,0.51452,0.39346,0.12106,0.51452,600,21198,,,500,5000,,0.008350129,,1,-1,1,-1,,1,0,0,0,-1,1,1,,,
BO,20171108,35.28025065,35.71406557,35.22980705,35.68379941,58523,124677,201712,3.1,0.48426,0.38337,0.10089,0.48426,600,21410,,,500,5000,,0.009994289,,1,-1,1,-1,,-1,0,0,0,0,0,1,,,
BO,20171109,35.69388813,35.75442044,35.3609604,35.45175887,73299,118823,201712,3.08,0.39346,0.07062,0.32284,0.39346,600,21271,,,500,5000,,-0.006502686,,-1,1,-1,1,1,-1,0,0,-1,0,0,-1,,,
BO,20171110,35.38113784,35.47193631,35.07847626,35.11883114,47058,118315,201712,3.17,0.39346,0.02018,0.37328,0.39346,600,21071,,,500,5000,,-0.009391007,,-1,1,-1,1,1,0,1,-1,1,1,-1,-1,,,
BO,20171113,35.11672445,35.12676928,34.58434848,34.63457262,54902,126108,201801,3.18,0.54242,0.00794,0.53448,0.54242,600,20781,,,500,5000,,-0.013789141,,-1,1,-1,1,1,0,-1,1,-1,0,0,-1,,,
BO,20171114,34.63457262,34.70488643,34.30309325,34.31313808,37109,127799,201801,3.2,0.40179,0.07031,0.33148,0.40179,600,20588,,,500,5000,,-0.009280742,,-1,1,-1,1,-1,0,1,-1,1,0,0,-1,,,
BO,20171115,34.31313808,35.0665003,34.31313808,35.03636581,52869,128608,201801,3.26,0.75336,0.75336,0.00000,0.75336,600,21022,,,500,5000,,0.021077283,,-1,1,1,-1,-1,0,-1,1,1,1,-1,1,,,
BO,20171116,34.99618649,35.14685894,34.6948416,34.74506575,41280,131347,201801,3.25,0.45202,0.11049,0.34152,0.45202,600,20847,,,500,5000,,-0.00831422,,-1,1,-1,1,-1,1,-1,1,0,1,-1,0,,,
BO,20171117,34.81537956,34.95600717,34.46381052,34.74506575,41995,138175,201801,3.21,0.49220,0.21094,0.28126,0.49220,600,20847,,,500,5000,,0,,1,-1,0,0,-1,1,-1,1,-1,1,-1,1,,,
BO,20171120,34.66470711,34.71493126,34.00174836,34.2528691,54517,144727,201801,3.24,0.71318,0.03013,0.74332,0.74332,600,20552,,,500,5000,,-0.014165944,,1,-1,-1,1,-1,1,-1,1,0,0,0,1,,,
BO,20171121,34.26291393,34.66470711,34.21268978,34.47385535,43716,144024,201801,3.25,0.45202,0.41184,0.04018,0.45202,600,20684,,,500,5000,,0.006451613,,1,-1,1,-1,-1,-1,1,-1,0,1,-1,1,,,
BO,20171122,34.44372086,34.7952899,34.2528691,34.35331739,61542,143324,201801,3.23,0.54242,0.32143,0.22099,0.54242,600,20612,,,500,5000,,-0.003496504,,1,-1,-1,1,1,1,0,0,1,-1,1,0,,,
BO,20171124,34.37340705,34.37340705,33.9816587,34.23277944,70390,148961,201801,3.3,0.39175,0.02009,0.37166,0.39175,600,20540,,,500,5000,,-0.003508772,,-1,1,-1,1,-1,-1,-1,1,-1,-1,1,-1,,,
BO,20171127,34.28300359,34.45376569,33.73053796,33.89125523,100723,155655,201801,3.3,0.72323,0.22099,0.50224,0.72323,600,20335,,,500,5000,,-0.009976526,,-1,1,-1,1,-1,0,0,0,1,1,-1,-1,,,
BO,20171128,33.8812104,34.28300359,33.83098625,34.28300359,87582,163634,201801,3.33,0.45202,0.39175,0.06027,0.45202,600,20570,,,500,5000,,0.011558981,,-1,1,1,-1,-1,-1,0,0,0,1,-1,0,,,
BO,20171129,34.18255529,34.3231829,33.93143455,34.22273461,73620,162914,201801,3.36,0.39175,0.04018,0.35157,0.39175,600,20534,,,500,5000,,-0.001757984,,-1,1,-1,1,1,1,0,0,1,0,0,-1,,,
BO,20171130,34.22273461,34.83546922,33.79080693,34.00174836,92477,164811,201801,3.41,1.04466,0.61273,0.43193,1.04466,600,20401,0.55074,330.4466592,500,5000,1,-0.006457294,,-1,1,-1,1,-1,-1,0,0,1,0,0,-1,,,
BO,20171201,34.07206216,34.20264495,33.75062762,33.84103108,47314,161338,201801,3.35,0.45202,0.20090,0.25112,0.45202,600,20305,0.54762,328.571439,500,5000,1,-0.004726736,-96.430368,-1,1,-1,1,-1,1,0,0,0,-1,1,-1,96.430368,-96.430368,
BO,20171204,33.95152421,34.11224148,33.56982068,33.58991034,61230,160674,201801,3.34,0.54242,0.27121,0.27121,0.54242,600,20154,0.54498,326.9870301,500,5000,1,-0.0074206,-150.672444,1,-1,-1,1,-1,-1,0,0,0,0,0,-1,150.672444,-150.672444,
BO,20171205,33.69035864,33.74058279,33.38901375,33.65017932,76339,153127,201801,3.38,0.35157,0.15067,0.20090,0.35157,600,20190,0.52573,315.4398066,500,5000,1,0.001794258,36.161388,1,-1,1,-1,-1,0,1,-1,1,1,-1,1,36.161388,-36.161388,
BO,20171206,33.55977585,33.74058279,33.19816198,33.31869994,79936,150888,201801,3.34,0.54242,0.09040,0.45202,0.54242,600,19991,0.52713,316.2766908,500,5000,1,-0.009850746,-198.887628,-1,1,-1,1,-1,1,-1,1,-1,-1,1,-1,198.887628,-198.887628,
BO,20171207,33.3387896,33.53968619,32.94704124,33.47941721,84005,145986,201801,3.37,0.59264,0.22099,0.37166,0.59264,600,20088,0.53255,319.5282837,500,5000,1,0.004823636,96.430362,-1,1,1,-1,-1,0,-1,1,-1,1,-1,1,96.430362,-96.430362,
BO,20171208,33.40910341,33.82094142,33.19816198,33.77071727,68624,132849,201801,3.28,0.62278,0.34152,0.28126,0.62278,600,20262,0.54401,326.4078657,500,5000,1,0.00870087,174.780036,1,-1,1,-1,-1,-1,0,0,-1,-1,1,0,0,0,
BO,20171211,33.73,33.88,33.52,33.61,52625,163340,201803,3.29,0.36000,0.10928,0.25072,0.36000,600,20166,0.54234,325.4040642,500,5000,1,-0.004759072,-96.430362,1,-1,-1,1,-1,0,0,0,0,1,-1,1,-96.430362,96.430362,
BO,20171212,33.57,33.9,33.36,33.6,50426,164361,201803,3.29,0.54000,0.29000,0.25000,0.54000,600,20160,0.54222,325.3314402,500,5000,1,-0.00029753,-6,-1,1,-1,1,1,1,0,0,1,0,0,-1,6,-6,
BO,20171213,33.55,33.64,33.15,33.4,62716,177362,201803,3.28,0.49000,0.04000,0.45000,0.49000,600,20040,0.54663,327.9776448,500,5000,1,-0.005952381,-120,-1,1,-1,1,-1,0,0,0,1,0,0,-1,120,-120,
BO,20171214,33.36,33.48,33.07,33.37,32154,179881,201803,3.22,0.41000,0.08000,0.33000,0.41000,600,20022,0.52946,317.6767782,500,5000,1,-0.000898204,-18,1,-1,-1,1,1,1,-1,1,1,1,-1,1,-18,18,
BO,20171215,33.34,33.84,33.15,33.34,56202,183278,201803,3.23,0.69000,0.47000,0.22000,0.69000,600,20004,0.54136,324.816258,500,5000,1,-0.000899011,-18,1,-1,-1,1,-1,-1,0,0,0,0,0,-1,18,-18,
BO,20171218,33.33,33.56,33.15,33.18,38435,185798,201803,3.18,0.41000,0.22000,0.19000,0.41000,600,19908,0.53725,322.3503585,500,5000,1,-0.00479904,-96,-1,1,-1,1,-1,1,0,0,0,0,0,-1,96,-96,
BO,20171219,33.29,33.46,33.2,33.39,41711,190983,201803,3.23,0.26000,0.28000,0.02000,0.28000,600,20034,0.51408,308.4508368,500,5000,1,0.006329114,126,-1,1,1,-1,-1,1,1,-1,0,0,0,1,126,-126,
BO,20171220,33.35,33.64,33.05,33.13,68334,201057,201803,3.23,0.59000,0.25000,0.34000,0.59000,600,19878,0.52098,312.5903169,500,5000,1,-0.007786763,-156,-1,1,-1,1,-1,1,1,-1,0,-1,1,-1,156,-156,
BO,20171221,33.11,33.18,32.67,32.83,87975,206636,201803,3.22,0.51000,0.05000,0.46000,0.51000,600,19698,0.51936,311.6176929,500,5000,1,-0.009055237,-180,1,-1,-1,1,-1,1,0,0,0,0,0,1,-180,180,
BO,20171222,32.79,33.03,32.68,32.94,43639,208701,201803,3.25,0.35000,0.20000,0.15000,0.35000,600,19764,0.51728,310.3652424,500,5000,1,0.003350594,66,1,-1,1,-1,-1,1,1,-1,1,-1,1,1,66,-66,
BO,20171226,33.01,33.55,33.01,33.42,52451,211036,201803,3.33,0.54000,0.61000,0.07000,0.61000,600,20052,0.51161,306.9684105,500,5000,1,0.014571949,288,-1,1,1,-1,-1,0,1,-1,-1,0,0,0,0,0,
BO,20171227,33.44,33.66,33.2,33.27,62704,210889,201803,3.33,0.46000,0.24000,0.22000,0.46000,600,19962,0.51201,307.2078903,500,5000,1,-0.00448833,-90,1,-1,-1,1,1,0,0,0,0,1,-1,1,-90,90,
BO,20171228,33.26,33.32,32.52,32.71,69235,215909,201803,3.33,0.80000,0.05000,0.75000,0.80000,600,19626,0.53243,319.4554398,500,5000,1,-0.016831981,-336,1,-1,-1,1,-1,-1,0,0,-1,0,0,-1,336,-336,
BO,20171229,32.71,33.37,32.6,33.26,55447,215151,201803,3.31,0.77000,0.66000,0.11000,0.77000,600,19956,0.51869,311.2155711,500,5000,1,0.01681443,330,-1,1,1,-1,-1,0,-1,1,0,1,-1,1,330,-330,
BO,20180102,33.39,33.62,33.23,33.55,44415,216815,201803,3.32,0.39000,0.36000,0.03000,0.39000,600,20130,0.51559,309.3550512,500,5000,1,0.008719182,174,-1,1,1,-1,1,-1,0,0,1,0,0,-1,-174,174,
BO,20180103,33.54,33.91,33.52,33.9,51227,218765,201803,3.2,0.39000,0.36000,0.03000,0.39000,600,20340,0.50797,304.7824272,500,5000,1,0.010432191,210,-1,1,1,-1,1,0,0,0,-1,1,-1,1,210,-210,
BO,20180104,33.82,33.98,33.7,33.87,51139,215202,201803,3.27,0.28000,0.08000,0.20000,0.28000,600,20322,0.50439,302.635356,500,5000,1,-0.000884956,-18,1,-1,-1,1,1,-1,0,0,-1,1,-1,0,0,0,
BO,20180105,33.86,34.1,33.7,33.76,41163,213288,201803,3.26,0.40000,0.23000,0.17000,0.40000,600,20256,0.49727,298.3627317,500,5000,1,-0.003247712,-66,1,-1,-1,1,1,1,1,-1,1,1,-1,1,-66,66,
BO,20180108,33.74,33.89,33.29,33.54,58852,214313,201803,3.29,0.60000,0.13000,0.47000,0.60000,600,20124,0.49764,298.5833832,500,5000,1,-0.006516588,-132,1,-1,-1,1,1,1,0,0,0,1,-1,1,-132,132,
BO,20180109,33.56,33.76,33.34,33.7,53592,212971,201803,3.28,0.42000,0.22000,0.20000,0.42000,600,20220,0.48750,292.5,500,5000,1,0.004770423,96,-1,1,1,-1,1,0,0,0,1,-1,1,-1,-96,96,
BO,20180110,33.65,33.83,33.23,33.45,48896,216271,201803,3.24,0.60000,0.13000,0.47000,0.60000,600,20070,0.49950,299.7,500,5000,1,-0.007418398,-150,-1,1,-1,1,1,0,0,0,-1,0,0,-1,150,-150,
BO,20180111,33.45,33.55,33.08,33.15,55170,212958,201803,3.27,0.47000,0.10000,0.37000,0.47000,600,19890,0.49600,297.6,500,5000,1,-0.00896861,-180,-1,1,-1,1,-1,0,0,0,-1,-1,1,-1,180,-180,
BO,20180112,33.08,33.4,32.83,33.13,62735,212958,201803,3.29,0.57000,0.25000,0.32000,0.57000,600,19878,0.50000,300,500,5000,1,-0.000603318,-12,1,-1,-1,1,-1,-1,1,-1,1,-1,1,-1,12,-12,
TU,20171101,107.5074426,107.5074426,107.4528387,107.4684398,432009,1645329,201712,3.27,0.05460,,,,2000,214937,,,500,5000,,,,1,-1,0,0,,0,-1,1,1,-1,1,0,,,
TU,20171102,107.4840409,107.5230438,107.4684398,107.4918415,334434,1674202,201712,3.17,0.05460,0.05460,0.00000,0.05460,2000,214984,,,500,5000,,0.000217754,,1,-1,1,-1,,0,1,-1,0,1,-1,1,,,
TU,20171103,107.4918415,107.5386449,107.4372375,107.4684398,288972,1696803,201712,3.17,0.10141,0.04680,0.05460,0.10141,2000,214937,,,500,5000,,-0.000217707,,1,-1,-1,1,,-1,1,-1,0,1,-1,0,,,
TU,20171106,107.4762404,107.4996421,107.4606392,107.4762404,285676,1724027,201712,3.13,0.03900,0.03120,0.00780,0.03900,2000,214952,,,500,5000,,7.25847E-05,,1,-1,1,-1,,0,-1,1,0,1,-1,1,,,
TU,20171107,107.4684398,107.4762404,107.4528387,107.4684398,265254,1743218,201712,3.1,0.02340,0.00000,0.02340,0.02340,2000,214937,,,500,5000,,-7.25794E-05,,1,-1,-1,1,,0,1,-1,0,-1,1,-1,,,
TU,20171108,107.4528387,107.4762404,107.429437,107.4450381,242937,1749783,201712,3.06,0.04680,0.00780,0.03900,0.04680,2000,214890,,,500,5000,,-0.000217754,,1,-1,-1,1,,0,-1,1,0,0,0,0,,,
TU,20171109,107.4372375,107.4762404,107.4216364,107.4762404,424312,1749579,201712,3.06,0.05460,0.03120,0.02340,0.05460,2000,214952,,,500,5000,,0.000290402,,-1,1,1,-1,-1,0,1,-1,1,0,0,0,,,
TU,20171110,107.4606392,107.4684398,107.4138358,107.4216364,286446,1739250,201712,3.04,0.05460,0.00780,0.06240,0.06240,2000,214843,,,500,5000,,-0.000508056,,-1,1,-1,1,-1,0,1,-1,0,-1,1,-1,,,
TU,20171113,107.429437,107.4450381,107.3592318,107.374833,281294,1752754,201712,2.93,0.08581,0.02340,0.06240,0.08581,2000,214750,,,500,5000,,-0.000435698,,-1,1,-1,1,-1,-1,0,0,1,1,-1,-1,,,
TU,20171114,107.3670324,107.3826335,107.3436307,107.3592318,370513,1755213,201712,2.93,0.03900,0.00780,0.03120,0.03900,2000,214718,,,500,5000,,-0.000145296,,-1,1,-1,1,-1,0,1,-1,0,1,-1,-1,,,
TU,20171115,107.374833,107.429437,107.3592318,107.374833,535684,1731804,201712,3,0.07021,0.07021,0.00000,0.07021,2000,214750,,,500,5000,,0.000145317,,-1,1,1,-1,-1,-1,0,0,1,-1,1,-1,,,
TU,20171116,107.374833,107.3826335,107.320229,107.3280296,452645,1741621,201712,2.98,0.06240,0.00780,0.05460,0.06240,2000,214656,,,500,5000,,-0.000435888,,-1,1,-1,1,-1,1,0,0,-1,-1,1,-1,,,
TU,20171117,107.3280296,107.3436307,107.3046279,107.3124284,376264,1768384,201712,2.96,0.03900,0.01560,0.02340,0.03900,2000,214625,,,500,5000,,-0.000145359,,1,-1,-1,1,-1,1,0,0,-1,-1,1,0,,,
TU,20171120,107.320229,107.3436307,107.265625,107.265625,592332,1739370,201712,2.92,0.07801,0.03120,0.04680,0.07801,2000,214531,,,500,5000,,-0.000436142,,1,-1,-1,1,-1,0,0,0,0,0,0,0,,,
TU,20171121,107.265625,107.2734256,107.211021,107.2266222,652930,1575755,201712,2.86,0.06240,0.00780,0.05460,0.06240,2000,214453,,,500,5000,,-0.00036361,,1,-1,-1,1,-1,0,1,-1,1,0,0,0,,,
TU,20171122,107.2266222,107.3358301,107.2266222,107.3280296,866495,1300417,201712,2.92,0.10921,0.10921,0.00000,0.10921,2000,214656,,,500,5000,,0.00094573,,1,-1,1,-1,-1,0,1,-1,0,0,0,1,,,
TU,20171124,107.3280296,107.3358301,107.2890267,107.2890267,386756,1156983,201712,2.89,0.04680,0.00780,0.03900,0.04680,2000,214578,,,500,5000,,-0.000363398,,-1,1,-1,1,-1,0,-1,1,-1,-1,1,-1,,,
TU,20171127,107.2968273,107.3124284,107.265625,107.3124284,1258620,706307,201712,2.88,0.04680,0.02340,0.02340,0.04680,2000,214625,,,500,5000,,0.000218118,,-1,1,1,-1,-1,-1,0,0,-1,0,0,-1,,,
TU,20171128,107.3046279,107.3358301,107.2734256,107.2890267,1133444,335440,201712,2.96,0.06240,0.02340,0.03900,0.06240,2000,214578,,,500,5000,,-0.000218071,,-1,1,-1,1,1,-1,-1,1,0,-1,1,-1,,,
TU,20171129,107.2890625,107.296875,107.2265625,107.265625,503309,1654936,201803,3,0.07031,0.00785,0.06246,0.07031,2000,214531,,,500,5000,,-0.000218118,,-1,1,-1,1,1,-1,0,0,-1,0,0,-1,,,
TU,20171130,107.25,107.2578125,107.1796875,107.203125,647732,1666122,201803,3.04,0.07813,0.00781,0.08594,0.08594,2000,214406,0.06203,124.052907,500,5000,4,-0.000582666,,-1,1,-1,1,1,1,1,-1,-1,1,-1,0,,,
TU,20171201,107.203125,107.2890625,107.1328125,107.21875,781677,1703171,201803,2.96,0.15625,0.08594,0.07031,0.15625,2000,214438,0.06711,134.217509,500,5000,3,0.000145751,125,-1,1,1,-1,-1,1,-1,1,1,1,-1,1,125,-125,
TU,20171204,107.1796875,107.1875,107.1328125,107.15625,326291,1702764,201803,2.95,0.05469,0.03125,0.08594,0.08594,2000,214313,0.06634,132.670519,500,5000,3,-0.00058292,-375,1,-1,-1,1,-1,0,0,0,1,1,-1,1,-375,375,
TU,20171205,107.15625,107.1640625,107.09375,107.1171875,423617,1721305,201803,2.91,0.07031,0.00781,0.06250,0.07031,2000,214234,0.06790,135.801485,500,5000,3,-0.000364538,-234.375,1,-1,-1,1,-1,1,-1,1,1,0,0,1,-234.375,234.375,
TU,20171206,107.1328125,107.1953125,107.1171875,107.1640625,454566,1705847,201803,2.9,0.07813,0.07813,0.00000,0.07813,2000,214328,0.07064,141.273815,500,5000,3,0.000437605,281.25,-1,1,1,-1,-1,0,0,0,1,-1,1,-1,-281.25,281.25,
TU,20171207,107.15625,107.1796875,107.140625,107.1484375,329365,1714870,201803,2.87,0.03906,0.01563,0.02344,0.03906,2000,214297,0.07025,140.499724,500,5000,3,-0.000145804,-93.75,-1,1,-1,1,-1,0,1,-1,-1,1,-1,-1,93.75,-93.75,
TU,20171208,107.15625,107.203125,107.125,107.171875,327225,1726324,201803,2.92,0.07813,0.05469,0.02344,0.07813,2000,214344,0.07143,142.851826,500,5000,3,0.000218739,140.625,1,-1,1,-1,-1,1,1,-1,-1,0,0,1,140.625,-140.625,
TU,20171211,107.171875,107.2109375,107.1171875,107.125,223476,1723266,201803,2.96,0.09375,0.03906,0.05469,0.09375,2000,214250,0.07299,145.986371,500,5000,3,-0.000437382,-281.25,1,-1,-1,1,-1,-1,0,0,1,0,0,-1,281.25,-281.25,
TU,20171212,107.125,107.1328125,107.0703125,107.109375,354501,1730394,201803,2.81,0.06250,0.00781,0.05469,0.06250,2000,214219,0.07183,143.655745,500,5000,3,-0.000145858,-93.75,-1,1,-1,1,-1,-1,0,0,-1,0,0,-1,93.75,-93.75,
TU,20171213,107.109375,107.2265625,107.0625,107.2109375,449342,1728744,201803,2.82,0.16406,0.11719,0.04688,0.16406,2000,214422,0.07808,156.16171,500,5000,3,0.000948213,609.375,-1,1,1,-1,-1,0,0,0,1,1,-1,1,609.375,-609.375,
TU,20171214,107.2265625,107.234375,107.125,107.1484375,430365,1740945,201803,2.7,0.10938,0.02344,0.08594,0.10938,2000,214297,0.08004,160.078698,500,5000,3,-0.000582963,-375,1,-1,-1,1,1,0,0,0,1,0,0,0,0,0,
TU,20171215,107.1484375,107.1484375,107.0703125,107.1015625,267388,1749365,201803,2.74,0.07813,0.00000,0.07813,0.07813,2000,214203,0.08083,161.650742,500,5000,3,-0.000437477,-281.25,1,-1,-1,1,1,-1,1,-1,1,1,-1,0,0,0,
TU,20171218,107.09375,107.125,107.0625,107.125,208891,1750459,201803,2.79,0.06250,0.02344,0.03906,0.06250,2000,214250,0.08200,164.000458,500,5000,3,0.000218834,140.625,-1,1,1,-1,-1,0,1,-1,-1,0,0,0,0,0,
TU,20171219,107.109375,107.1171875,107.0390625,107.0703125,270152,1752433,201803,2.7,0.07813,0.00781,0.08594,0.08594,2000,214141,0.08240,164.793639,500,5000,3,-0.000510502,-328.125,-1,1,-1,1,1,-1,-1,1,1,1,-1,-1,328.125,-328.125,
TU,20171220,107.0703125,107.0859375,107.03125,107.0546875,353063,1748898,201803,2.64,0.05469,0.01563,0.03906,0.05469,2000,214109,0.08201,164.021934,500,5000,3,-0.000145932,-93.75,-1,1,-1,1,-1,-1,-1,1,0,0,0,-1,93.75,-93.75,
TU,20171221,107.0546875,107.0859375,107.0234375,107.0234375,178039,1755943,201803,2.62,0.06250,0.03125,0.03125,0.06250,2000,214047,0.07968,159.351137,500,5000,3,-0.000291907,-187.5,1,-1,-1,1,-1,-1,0,0,1,-1,1,-1,187.5,-187.5,
TU,20171222,107.0234375,107.046875,106.9921875,107,132385,1767858,201803,2.66,0.05469,0.02344,0.03125,0.05469,2000,214000,0.08007,160.139546,500,5000,3,-0.000218994,-140.625,1,-1,-1,1,-1,0,-1,1,1,-1,1,-1,140.625,-140.625,
TU,20171226,106.9921875,107.0078125,106.96875,107,105836,1777247,201803,2.58,0.03906,0.00781,0.03125,0.03906,2000,214000,0.07968,159.365455,500,5000,3,0,0,-1,1,0,0,-1,0,0,0,1,1,-1,0,0,0,
TU,20171227,107,107.0546875,106.984375,107.0546875,181444,1779226,201803,2.57,0.07031,0.05469,0.01563,0.07031,2000,214109,0.08008,160.15625,500,5000,3,0.000511098,328.125,1,-1,1,-1,-1,1,0,0,1,0,0,1,328.125,-328.125,
TU,20171228,107.046875,107.0546875,107.015625,107.0234375,120794,1780581,201803,2.63,0.03906,0.00000,0.03906,0.03906,2000,214047,0.07852,157.03125,500,5000,3,-0.000291907,-187.5,1,-1,-1,1,-1,0,-1,1,1,1,-1,1,-187.5,187.5,
TU,20171229,107.0234375,107.0703125,107.0234375,107.0546875,152061,1781718,201803,2.59,0.04688,0.04688,0.00000,0.04688,2000,214109,0.07656,153.125,500,5000,3,0.000291992,187.5,-1,1,1,-1,-1,0,1,-1,-1,-1,1,-1,-187.5,187.5,
TU,20180102,107.046875,107.0546875,106.96875,106.984375,261259,1797752,201803,2.57,0.08594,0.00000,0.08594,0.08594,2000,213969,0.07305,146.09375,500,5000,3,-0.00065679,-421.875,-1,1,-1,1,1,0,0,0,-1,1,-1,-1,421.875,-421.875,
TU,20180103,106.984375,107.0078125,106.953125,106.96875,296103,1816655,201803,2.63,0.05469,0.02344,0.03125,0.05469,2000,213938,0.07148,142.96875,500,5000,3,-0.000146049,-93.75,-1,1,-1,1,-1,-1,0,0,1,0,0,-1,93.75,-93.75,
TU,20180104,106.953125,106.9609375,106.875,106.9140625,427544,1829578,201803,2.76,0.08594,0.00781,0.09375,0.09375,2000,213828,0.07266,145.3125,500,5000,3,-0.000511247,-328.125,1,-1,-1,1,-1,1,1,-1,0,-1,1,0,0,0,
TU,20180105,106.921875,106.96875,106.890625,106.90625,367071,1832448,201803,2.81,0.07813,0.05469,0.02344,0.07813,2000,213813,0.07266,145.3125,500,5000,3,-7.30727E-05,-46.875,1,-1,-1,1,-1,-1,0,0,-1,-1,1,-1,46.875,-46.875,
TU,20180108,106.8984375,106.9296875,106.890625,106.9140625,137297,1842719,201803,2.9,0.03906,0.02344,0.01563,0.03906,2000,213828,0.07266,145.3125,500,5000,3,7.3078E-05,46.875,1,-1,1,-1,-1,1,-1,1,1,1,-1,1,46.875,-46.875,
TU,20180109,106.90625,106.9453125,106.890625,106.9140625,440716,1851906,201803,2.99,0.05469,0.03125,0.02344,0.05469,2000,213828,0.07148,142.96875,500,5000,3,0,0,-1,1,0,0,-1,-1,-1,1,0,0,0,-1,0,0,
TU,20180110,106.8984375,106.921875,106.875,106.90625,430710,1848247,201803,3,0.04688,0.00781,0.03906,0.04688,2000,213813,0.06914,138.28125,500,5000,3,-7.30727E-05,-46.875,-1,1,-1,1,-1,-1,-1,1,1,-1,1,-1,46.875,-46.875,
TU,20180111,106.890625,106.921875,106.875,106.8984375,387944,1850111,201803,3.04,0.04688,0.01563,0.03125,0.04688,2000,213797,0.06836,136.71875,500,5000,3,-7.3078E-05,-46.875,-1,1,-1,1,-1,0,1,-1,1,0,0,-1,46.875,-46.875,
TU,20180112,106.875,106.8828125,106.796875,106.84375,371260,1850111,201803,3.18,0.08594,0.01563,0.10156,0.10156,2000,213688,0.06523,130.46875,500,5000,3,-0.000511584,-328.125,1,-1,-1,1,-1,1,1,-1,-1,-1,1,0,0,0,
ES,20171120,2578.658161,2586.666417,2570.399648,2584.664353,1000520,3195685,201712,2.93,,,,,,,,,,,,,,,,,,,,,,,,,,,,2584.664353
ES,20171121,2584.664353,2603.183443,2581.911515,2598.929057,1153787,3213608,201712,2.89,,,,,,,,,,,,,,,,,,,,,,,,,,,,2598.929057
ES,20171122,2598.428541,2602.682927,2595.425446,2597.177251,770812,3196045,201712,2.94,,,,,,,,,,,,,,,,,,,,,,,,,,,,2597.177251
ES,20171124,2595.925962,2605.686023,2592.172092,2603.683959,551196,3204044,201712,2.98,,,,,,,,,,,,,,,,,,,,,,,,,,,,2603.683959
ES,20171127,2603.683959,2608.188602,2599.179315,2604.434733,960112,3200150,201712,3,,,,,,,,,,,,,,,,,,,,,,,,,,,,2604.434733
ES,20171128,2604.935249,2629.710788,2600.180347,2628.709756,1558414,3236041,201712,3.09,,,,,,,,,,,,,,,,,,,,,,,,,,,,2628.709756
ES,20171129,2628.20924,2636.968269,2622.453307,2627.708724,1661775,3239614,201712,3.11,,,,,,,,,,,,,,,,,,,,,,,,,,,,2627.708724
ES,20171130,2627.708724,2661.243293,2624.455371,2650.732458,2346236,3275991,201712,3.24,,,,,,,,,,,,,,,,,,,,,,,,,,,,2650.732458
ES,20171201,2643.474977,2653.485296,2607.688086,2646.72833,2520826,3231700,201712,3.24,,,,,,,,,,,,,,,,,,,,,,,,,,,,2646.72833
ES,20171204,2657.239165,2668.000258,2636.467753,2640.972397,1756938,3230754,201712,3.27,,,,,,,,,,,,,,,,,,,,,,,,,,,,2640.972397
ES,20171205,2638.720075,2651.483232,2629.961046,2630.962078,1392821,3137281,201712,3.35,,,,,,,,,,,,,,,,,,,,,,,,,,,,2630.962078
ES,20171206,2629.46053,2637.218527,2622.703565,2631.96311,1307666,3018724,201712,3.36,,,,,,,,,,,,,,,,,,,,,,,,,,,,2631.96311
ES,20171207,2633.2144,2643.975493,2628.960014,2642.223687,1345485,2690236,201712,3.39,,,,,,,,,,,,,,,,,,,,,,,,,,,,2642.223687
ES,20171208,2642.223687,2655.237101,2640.471881,2653.735553,1154864,2336063,201712,3.34,,,,,,,,,,,,,,,,,,,,,,,,,,,,2653.735553
ES,20171211,2654.736585,2667.499742,2651.983748,2664.246388,1266601,1764137,201712,3.3,,,,,,,,,,,,,,,,,,,,,,,,,,,,2664.246388
ES,20171212,2666,2673,2663.25,2667.75,1659061,2527944,201803,3.32,,,,,,,,,,,,,,,,,,,,,,,,,,,,2667.75
ES,20171213,2667.75,2675.5,2659.25,2669,1565803,2844874,201803,3.28,,,,,,,,,,,,,,,,,,,,,,,,,,,,2669
ES,20171214,2668.5,2673.5,2651.75,2656,1467120,2940089,201803,3.24,,,,,,,,,,,,,,,,,,,,,,,,,,,,2656
ES,20171215,2652.75,2683.25,2652.5,2682,1410847,2928463,201803,3.23,,,,,,,,,,,,,,,,,,,,,,,,,,,,2682
ES,20171218,2683,2698,2682.5,2694.5,1040769,2967731,201803,3.22,,,,,,,,,,,,,,,,,,,,,,,,,,,,2694.5
ES,20171219,2695,2698,2682.5,2684,980483,2969224,201803,3.18,,,,,,,,,,,,,,,,,,,,,,,,,,,,2684
ES,20171220,2684.75,2695.5,2679,2681.5,981223,2999594,201803,3.33,,,,,,,,,,,,,,,,,,,,,,,,,,,,2681.5
ES,20171221,2681.5,2696,2680.75,2687.75,853748,3007612,201803,3.36,,,,,,,,,,,,,,,,,,,,,,,,,,,,2687.75
ES,20171222,2686.75,2691.5,2682.25,2686,654510,3035200,201803,3.49,,,,,,,,,,,,,,,,,,,,,,,,,,,,2686
ES,20171226,2686.75,2689.5,2683.5,2687,376101,3038366,201803,3.53,,,,,,,,,,,,,,,,,,,,,,,,,,,,2687
ES,20171227,2687.5,2691,2681.5,2685.5,666329,3023788,201803,3.51,,,,,,,,,,,,,,,,,,,,,,,,,,,,2685.5
ES,20171228,2684,2689,2683,2685.75,535624,3013748,201803,3.5,,,,,,,,,,,,,,,,,,,,,,,,,,,,2685.75
ES,20171229,2684.75,2698.25,2667.75,2676,1092038,2989056,201803,3.45,,,,,,,,,,,,,,,,,,,,,,,,,,,,2676
ES,20180102,2675.25,2696,2674.5,2693,996265,3017744,201803,3.41,,,,,,,,,,,,,,,,,,,,,,,,,,,,2693
ES,20180103,2693.75,2714.25,2692.25,2711,1114548,3064592,201803,3.5,,,,,,,,,,,,,,,,,,,,,,,,,,,,2711
ES,20180104,2710.25,2729,2708.5,2723.75,1166017,3107934,201803,3.44,,,,,,,,,,,,,,,,,,,,,,,,,,,,2723.75
ES,20180105,2725,2743.25,2723.75,2742.5,1136500,3144990,201803,3.34,,,,,,,,,,,,,,,,,,,,,,,,,,,,2742.5
ES,20180108,2741.75,2748.5,2736.5,2746.75,903544,3168055,201803,3.38,,,,,,,,,,,,,,,,,,,,,,,,,,,,2746.75
ES,20180109,2746.5,2760,2742.75,2752.25,1137598,3190900,201803,3.3,,,,,,,,,,,,,,,,,,,,,,,,,,,,2752.25
ES,20180110,2749.75,2752,2736.5,2750.5,1289898,3203452,201803,3.33,,,,,,,,,,,,,,,,,,,,,,,,,,,,2750.5
ES,20180111,2750,2770.5,2747.75,2769.5,1045414,3198069,201803,3.25,,,,,,,,,,,,,,,,,,,,,,,,,,,,2769.5
ES,20180112,2768.75,2790,2766.75,2788.75,1298480,3198069,201803,3.22,,,,,,,,,,,,,,,,,,,,,,,,,,,,2788.75
