id,csiSym,date,riskOn,riskOff,prev5,prev10,antiZz120,zz30,antiMlScalpAll,antiMlLastWorstFw,mlScalpBigFb,mlSwingBigFb,mlLastBestFb,antiSea
,AD,20171229,1,-1,1,1,-1,-1,-1,1,0,0,0,-1
,BO,20171229,1,-1,1,-1,-1,-1,-1,1,1,-1,-1,1
,BP,20171229,1,-1,1,1,-1,-1,-1,1,0,-1,0,-1
,C,20171229,1,-1,-1,1,1,-1,1,1,0,0,0,-1
,CD,20171229,1,-1,1,1,-1,-1,-1,1,1,-1,-1,-1
,CL,20171229,1,-1,1,1,-1,-1,-1,0,0,-1,-1,1
,CU,20171229,1,-1,1,1,-1,-1,-1,0,0,0,0,1
,EMD,20171229,1,-1,-1,1,-1,-1,-1,1,0,-1,0,1
,ES,20171229,1,-1,-1,1,1,1,-1,1,0,0,0,1
,FC,20171229,1,-1,1,-1,-1,-1,-1,0,0,0,-1,-1
,FV,20171229,-1,1,1,-1,1,1,-1,0,0,1,0,-1
,GC,20171229,-1,1,1,1,-1,-1,-1,0,1,-1,-1,-1
,HG,20171229,1,-1,1,1,-1,-1,-1,-1,0,-1,-1,1
,HO,20171229,1,-1,1,1,-1,-1,-1,0,0,-1,-1,1
,JY,20171229,-1,1,1,-1,1,-1,-1,-1,1,0,0,1
,LC,20171229,1,-1,1,1,-1,-1,-1,0,1,-1,-1,-1
,LH,20171229,1,-1,1,1,-1,-1,-1,0,0,-1,-1,1
,MP,20171229,1,-1,-1,-1,-1,-1,1,-1,0,0,0,-1
,NE,20171229,1,-1,1,1,-1,-1,-1,0,0,-1,-1,-1
,NG,20171229,1,-1,1,1,-1,-1,-1,1,1,-1,-1,-1
,NIY,20171229,1,-1,-1,1,-1,-1,-1,-1,0,0,0,1
,NQ,20171229,1,-1,-1,-1,1,1,-1,-1,0,0,0,1
,PA,20171229,1,-1,1,1,-1,-1,-1,0,1,-1,-1,-1
,PL,20171229,-1,1,1,1,-1,-1,-1,0,0,0,-1,-1
,RB,20171229,1,-1,1,1,-1,-1,-1,0,0,-1,-1,-1
,S,20171229,1,-1,1,-1,1,1,-1,0,-1,1,0,1
,SF,20171229,1,-1,1,1,-1,-1,-1,1,0,0,0,1
,SI,20171229,-1,1,1,1,-1,-1,-1,0,1,-1,1,-1
,SM,20171229,1,-1,-1,-1,1,1,-1,1,0,1,0,1
,TU,20171229,-1,1,1,-1,1,1,-1,1,1,-1,-1,-1
,TY,20171229,-1,1,1,-1,-1,-1,-1,1,0,0,0,1
,US,20171229,-1,1,1,-1,-1,-1,-1,0,0,0,-1,1
,W,20171229,1,-1,1,1,-1,-1,1,0,0,-1,-1,-1
,YM,20171229,1,-1,-1,1,-1,-1,1,-1,0,-1,0,1
,CC,20171229,1,-1,-1,-1,-1,-1,1,1,0,0,0,-1
,CT,20171229,1,-1,1,1,-1,-1,-1,-1,-1,1,1,-1
,KC,20171229,1,-1,1,1,-1,-1,-1,0,0,0,-1,-1
,SB,20171229,1,-1,1,1,-1,-1,-1,1,1,-1,-1,-1
,VX,20171229,-1,1,1,-1,1,-1,1,1,0,0,0,-1
,AD,20180102,1,-1,1,1,-1,-1,-1,1,1,0,-1,-1
,BO,20180102,1,-1,1,1,-1,-1,-1,1,0,0,0,1
,BP,20180102,1,-1,1,1,-1,-1,-1,0,1,-1,-1,1
,C,20180102,1,-1,1,1,-1,-1,-1,1,0,0,0,-1
,CD,20180102,1,-1,1,1,-1,-1,-1,1,1,-1,-1,1
,CL,20180102,1,-1,1,1,-1,-1,-1,-1,-1,1,1,1
,CU,20180102,1,-1,1,1,-1,-1,-1,0,0,0,1,1
,EMD,20180102,1,-1,1,1,-1,-1,-1,1,1,-1,-1,1
,ES,20180102,1,-1,1,1,-1,-1,-1,1,1,-1,-1,1
,FC,20180102,1,-1,1,1,-1,-1,-1,1,1,-1,-1,-1
,FV,20180102,-1,1,1,-1,-1,1,1,0,0,1,0,-1
,GC,20180102,-1,1,1,1,-1,-1,-1,0,1,-1,-1,-1
,HG,20180102,1,-1,1,1,-1,1,1,-1,-1,1,1,1
,HO,20180102,1,-1,1,1,-1,-1,1,0,0,-1,-1,1
,JY,20180102,-1,1,1,1,-1,1,-1,0,0,0,-1,-1
,LC,20180102,1,-1,1,1,-1,-1,-1,0,1,-1,-1,-1
,LH,20180102,1,-1,1,1,-1,-1,-1,0,0,-1,-1,-1
,MP,20180102,1,-1,1,-1,-1,-1,-1,1,1,-1,-1,-1
,NE,20180102,1,-1,1,1,-1,-1,-1,0,0,-1,-1,1
,NG,20180102,1,-1,1,1,-1,-1,-1,1,1,-1,-1,1
,NIY,20180102,1,-1,-1,1,-1,-1,-1,1,1,-1,-1,1
,NQ,20180102,1,-1,1,1,-1,-1,-1,1,1,-1,-1,1
,PA,20180102,1,-1,1,1,-1,-1,-1,0,-1,-1,-1,-1
,PL,20180102,-1,1,1,1,-1,-1,-1,0,0,0,-1,-1
,RB,20180102,1,-1,-1,1,-1,-1,1,0,0,1,1,1
,S,20180102,1,-1,1,-1,1,1,-1,0,0,0,1,-1
,SF,20180102,1,-1,1,1,-1,-1,-1,1,0,0,0,1
,SI,20180102,-1,1,1,1,-1,-1,-1,0,1,-1,-1,-1
,SM,20180102,1,-1,1,-1,1,1,-1,1,1,0,0,-1
,TU,20180102,-1,1,-1,-1,1,1,1,-1,-1,1,1,-1
,TY,20180102,-1,1,1,-1,-1,-1,1,-1,0,0,0,-1
,US,20180102,-1,1,1,-1,-1,-1,-1,1,0,0,0,1
,W,20180102,1,-1,1,1,-1,-1,-1,1,0,-1,0,1
,YM,20180102,1,-1,1,1,-1,1,-1,1,1,-1,-1,1
,CC,20180102,1,-1,1,1,-1,-1,-1,1,0,0,0,-1
,CT,20180102,1,-1,-1,1,1,1,1,-1,-1,1,1,-1
,KC,20180102,1,-1,1,1,-1,-1,-1,1,1,-1,-1,-1
,SB,20180102,1,-1,1,1,-1,-1,-1,1,0,0,0,1
,VX,20180102,-1,1,-1,-1,1,1,1,0,-1,0,1,-1
,AD,20180103,1,-1,1,1,-1,-1,-1,0,0,0,0,-1
,BO,20180103,1,-1,1,1,-1,-1,-1,1,0,0,0,1
,BP,20180103,1,-1,1,1,-1,-1,-1,0,0,-1,1,1
,C,20180103,1,-1,1,1,-1,-1,1,1,0,0,0,-1
,CD,20180103,1,-1,1,1,-1,-1,-1,1,1,0,0,1
,CL,20180103,1,-1,1,1,-1,-1,-1,1,1,-1,-1,1
,CU,20180103,1,-1,1,1,-1,-1,-1,1,0,0,0,1
,EMD,20180103,1,-1,1,1,-1,-1,-1,1,1,-1,-1,1
,ES,20180103,1,-1,1,1,-1,-1,-1,1,1,-1,-1,1
,FC,20180103,1,-1,1,1,-1,-1,-1,-1,-1,1,1,-1
,FV,20180103,-1,1,1,-1,-1,1,-1,-1,1,1,1,-1
,GC,20180103,-1,1,1,1,-1,-1,-1,0,1,-1,-1,-1
,HG,20180103,1,-1,-1,1,1,1,1,-1,0,0,0,1
,HO,20180103,1,-1,1,1,-1,-1,-1,0,0,-1,-1,1
,JY,20180103,-1,1,1,-1,-1,-1,1,0,0,0,0,-1
,LC,20180103,1,-1,1,1,-1,-1,-1,0,-1,-1,-1,-1
,LH,20180103,1,-1,-1,1,-1,-1,-1,0,0,1,-1,-1
,MP,20180103,1,-1,1,-1,-1,-1,-1,-1,0,0,0,-1
,NE,20180103,1,-1,1,1,-1,-1,-1,0,1,0,0,1
,NG,20180103,1,-1,1,1,-1,-1,1,-1,-1,1,1,1
,NIY,20180103,1,-1,1,1,-1,-1,-1,1,1,-1,-1,1
,NQ,20180103,1,-1,1,1,-1,-1,-1,1,1,-1,-1,1
,PA,20180103,1,-1,1,1,-1,-1,1,1,0,-1,0,-1
,PL,20180103,-1,1,1,1,-1,-1,-1,0,0,-1,-1,-1
,RB,20180103,1,-1,1,1,-1,-1,-1,0,0,0,0,1
,S,20180103,1,-1,-1,-1,1,-1,-1,1,-1,0,0,-1
,SF,20180103,1,-1,1,1,-1,-1,1,1,0,0,0,1
,SI,20180103,-1,1,1,1,-1,-1,-1,0,0,-1,-1,-1
,SM,20180103,1,-1,-1,-1,1,1,-1,0,0,0,0,-1
,TU,20180103,-1,1,-1,-1,1,1,1,-1,-1,1,1,-1
,TY,20180103,-1,1,1,-1,-1,-1,-1,1,1,-1,-1,-1
,US,20180103,-1,1,1,-1,-1,-1,-1,1,1,-1,-1,1
,W,20180103,1,-1,1,1,-1,-1,-1,-1,0,0,0,1
,YM,20180103,1,-1,1,1,-1,-1,-1,1,1,-1,-1,1
,CC,20180103,1,-1,1,-1,-1,-1,1,-1,-1,1,1,-1
,CT,20180103,1,-1,1,1,1,1,-1,1,1,-1,-1,-1
,KC,20180103,1,-1,1,1,-1,-1,-1,1,0,0,0,-1
,SB,20180103,1,-1,1,1,-1,-1,1,0,1,-1,0,1
,VX,20180103,-1,1,-1,-1,1,1,1,0,0,-1,0,-1
,AD,20180104,1,-1,1,1,-1,-1,-1,0,0,0,-1,-1
,BO,20180104,1,-1,1,1,-1,-1,1,0,0,0,0,1
,BP,20180104,1,-1,1,1,-1,-1,-1,0,0,0,0,1
,C,20180104,1,-1,-1,1,-1,-1,-1,1,0,0,0,-1
,CD,20180104,1,-1,1,1,-1,-1,-1,1,-1,0,0,1
,CL,20180104,1,-1,1,1,-1,-1,-1,1,1,-1,-1,1
,CU,20180104,1,-1,1,1,-1,-1,-1,0,0,-1,-1,1
,EMD,20180104,1,-1,1,1,-1,-1,-1,1,1,-1,-1,1
,ES,20180104,1,-1,1,1,-1,-1,-1,1,1,-1,-1,1
,FC,20180104,1,-1,1,1,-1,-1,1,-1,-1,1,1,-1
,FV,20180104,-1,1,-1,-1,1,1,1,-1,0,1,0,-1
,GC,20180104,-1,1,1,1,-1,-1,-1,0,0,-1,-1,-1
,HG,20180104,1,-1,-1,1,1,1,-1,-1,0,0,0,1
,HO,20180104,1,-1,1,1,-1,-1,-1,0,1,-1,-1,1
,JY,20180104,-1,1,1,-1,-1,-1,-1,-1,0,0,0,-1
,LC,20180104,1,-1,1,1,-1,-1,1,0,-1,-1,-1,-1
,LH,20180104,1,-1,1,1,-1,-1,-1,0,1,0,1,-1
,MP,20180104,1,-1,1,-1,-1,-1,-1,0,0,0,0,-1
,NE,20180104,1,-1,1,1,-1,-1,-1,0,0,0,-1,1
,NG,20180104,1,-1,1,1,-1,1,1,-1,-1,1,1,-1
,NIY,20180104,1,-1,1,1,-1,-1,-1,1,1,-1,-1,1
,NQ,20180104,1,-1,1,1,-1,-1,-1,1,1,-1,-1,1
,PA,20180104,1,-1,1,1,-1,-1,-1,0,0,-1,-1,-1
,PL,20180104,-1,1,1,1,-1,-1,-1,0,1,0,-1,-1
,RB,20180104,1,-1,1,1,-1,-1,-1,-1,0,-1,0,1
,S,20180104,1,-1,1,1,1,-1,1,1,0,0,0,-1
,SF,20180104,1,-1,1,1,-1,-1,-1,1,0,0,0,1
,SI,20180104,-1,1,1,1,-1,-1,-1,0,1,-1,-1,-1
,SM,20180104,1,-1,1,1,1,-1,-1,-1,1,0,0,-1
,TU,20180104,-1,1,-1,-1,1,1,1,-1,-1,1,1,-1
,TY,20180104,-1,1,-1,-1,-1,-1,-1,0,0,0,-1,-1
,US,20180104,-1,1,-1,1,-1,-1,-1,0,0,-1,-1,1
,W,20180104,1,-1,1,1,-1,-1,-1,-1,1,0,0,1
,YM,20180104,1,-1,1,1,-1,-1,-1,1,1,-1,-1,1
,CC,20180104,1,-1,1,-1,-1,-1,1,-1,-1,1,1,-1
,CT,20180104,1,-1,1,1,-1,-1,-1,1,1,-1,-1,-1
,KC,20180104,1,-1,1,1,-1,-1,-1,-1,0,0,0,-1
,SB,20180104,1,-1,1,1,-1,-1,-1,0,0,0,-1,1
,VX,20180104,-1,1,-1,-1,1,1,1,1,-1,1,0,-1
,AD,20180105,1,-1,1,1,-1,-1,-1,1,0,0,0,-1
,BO,20180105,1,-1,1,1,-1,-1,1,-1,0,0,0,1
,BP,20180105,1,-1,1,1,-1,-1,-1,0,0,-1,-1,1
,C,20180105,1,-1,-1,1,-1,1,-1,1,0,-1,0,-1
,CD,20180105,1,-1,1,1,-1,-1,-1,1,1,-1,-1,1
,CL,20180105,1,-1,1,1,-1,-1,-1,-1,-1,1,1,1
,CU,20180105,1,-1,1,1,-1,-1,1,0,0,0,1,1
,EMD,20180105,1,-1,1,1,-1,-1,-1,1,1,-1,-1,1
,ES,20180105,1,-1,1,1,-1,-1,-1,1,1,-1,-1,1
,FC,20180105,1,-1,-1,1,1,1,-1,-1,-1,1,1,-1
,FV,20180105,-1,1,-1,-1,1,1,1,0,0,1,1,-1
,GC,20180105,-1,1,1,1,-1,-1,-1,0,0,-1,-1,-1
,HG,20180105,1,-1,-1,1,1,1,1,-1,0,0,0,1
,HO,20180105,1,-1,1,1,-1,-1,-1,-1,0,0,0,1
,JY,20180105,-1,1,-1,1,-1,1,-1,-1,0,1,0,-1
,LC,20180105,1,-1,-1,1,1,1,1,0,-1,0,0,-1
,LH,20180105,1,-1,-1,1,-1,-1,-1,0,1,-1,-1,-1
,MP,20180105,1,-1,1,1,-1,-1,-1,0,0,0,0,-1
,NE,20180105,1,-1,1,1,-1,-1,-1,0,0,-1,-1,1
,NG,20180105,1,-1,-1,1,1,1,1,0,0,1,1,-1
,NIY,20180105,1,-1,1,1,-1,-1,-1,1,1,-1,-1,1
,NQ,20180105,1,-1,1,1,-1,-1,-1,1,1,-1,-1,1
,PA,20180105,1,-1,1,1,-1,-1,-1,-1,0,-1,0,-1
,PL,20180105,-1,1,1,1,-1,-1,-1,0,1,0,-1,-1
,RB,20180105,1,-1,-1,1,-1,-1,-1,0,0,-1,-1,1
,S,20180105,1,-1,1,1,1,-1,-1,1,0,0,0,-1
,SF,20180105,1,-1,1,1,-1,-1,1,0,1,0,1,1
,SI,20180105,-1,1,1,1,-1,-1,-1,0,0,-1,-1,-1
,SM,20180105,1,-1,1,1,-1,-1,-1,0,0,0,1,-1
,TU,20180105,-1,1,-1,-1,1,1,1,-1,-1,1,1,-1
,TY,20180105,-1,1,-1,1,1,1,1,-1,0,0,0,-1
,US,20180105,-1,1,-1,1,-1,-1,1,-1,0,0,0,1
,W,20180105,1,-1,1,1,-1,1,-1,0,0,0,0,1
,YM,20180105,1,-1,1,1,-1,-1,-1,1,1,-1,-1,1
,CC,20180105,1,-1,-1,-1,-1,-1,1,-1,-1,1,1,-1
,CT,20180105,1,-1,-1,1,-1,1,-1,-1,-1,1,1,-1
,KC,20180105,1,-1,1,1,-1,-1,1,-1,0,-1,0,-1
,SB,20180105,1,-1,1,1,-1,1,-1,-1,0,0,0,1
,VX,20180105,-1,1,-1,-1,1,1,1,0,-1,1,1,-1
,AD,20180108,1,-1,1,1,-1,1,-1,1,0,0,0,-1
,BO,20180108,1,-1,1,1,-1,-1,-1,1,0,0,0,1
,BP,20180108,1,-1,1,1,-1,-1,1,0,0,-1,-1,1
,C,20180108,1,-1,-1,-1,-1,1,-1,-1,0,0,0,-1
,CD,20180108,1,-1,1,1,-1,-1,1,0,0,0,-1,1
,CL,20180108,1,-1,1,1,-1,-1,-1,0,0,-1,-1,-1
,CU,20180108,1,-1,-1,1,-1,1,-1,-1,0,0,0,1
,EMD,20180108,1,-1,1,1,-1,-1,-1,1,1,-1,-1,1
,ES,20180108,1,-1,1,1,-1,-1,-1,1,1,-1,-1,1
,FC,20180108,1,-1,-1,1,1,1,1,-1,-1,1,1,1
,FV,20180108,-1,1,-1,-1,1,1,1,0,-1,1,1,-1
,GC,20180108,-1,1,1,1,-1,-1,1,-1,0,1,-1,-1
,HG,20180108,1,-1,-1,1,1,1,-1,-1,1,0,0,1
,HO,20180108,1,-1,-1,1,-1,-1,1,0,0,0,0,-1
,JY,20180108,-1,1,-1,1,-1,1,-1,0,1,1,0,1
,LC,20180108,1,-1,-1,-1,1,1,1,-1,0,1,0,-1
,LH,20180108,1,-1,1,1,-1,-1,-1,0,0,0,1,-1
,MP,20180108,1,-1,1,1,-1,-1,-1,1,0,0,0,-1
,NE,20180108,1,-1,1,1,-1,-1,-1,0,0,-1,-1,1
,NG,20180108,1,-1,-1,1,1,1,-1,1,0,1,0,-1
,NIY,20180108,1,-1,1,1,-1,-1,-1,1,1,-1,-1,1
,NQ,20180108,1,-1,1,1,-1,-1,-1,1,1,-1,-1,1
,PA,20180108,1,-1,1,1,-1,-1,-1,0,0,-1,-1,-1
,PL,20180108,-1,1,1,1,-1,-1,-1,0,0,-1,-1,-1
,RB,20180108,1,-1,-1,1,-1,-1,-1,0,1,-1,-1,-1
,S,20180108,1,-1,1,1,1,-1,1,0,-1,0,1,-1
,SF,20180108,1,-1,-1,1,1,1,-1,-1,0,0,0,1
,SI,20180108,-1,1,-1,1,-1,1,1,-1,0,0,0,-1
,SM,20180108,1,-1,1,1,-1,-1,1,-1,0,0,0,-1
,TU,20180108,-1,1,-1,-1,1,1,-1,1,1,-1,-1,-1
,TY,20180108,-1,1,-1,-1,1,1,1,-1,-1,0,0,-1
,US,20180108,-1,1,-1,1,-1,-1,-1,-1,0,-1,0,1
,W,20180108,1,-1,1,1,-1,1,1,1,0,0,0,1
,YM,20180108,1,-1,1,1,-1,-1,1,1,1,-1,-1,1
,CC,20180108,1,-1,1,1,-1,-1,-1,0,0,0,0,-1
,CT,20180108,1,-1,-1,1,-1,-1,-1,1,1,-1,-1,-1
,KC,20180108,1,-1,-1,1,1,1,-1,-1,-1,1,1,-1
,SB,20180108,1,-1,-1,1,1,1,1,0,0,0,0,1
,VX,20180108,-1,1,-1,-1,1,1,1,0,-1,1,1,-1
,AD,20180109,1,-1,-1,1,-1,1,-1,-1,1,0,0,-1
,BO,20180109,1,-1,1,1,-1,-1,-1,1,1,0,-1,1
,BP,20180109,1,-1,-1,1,-1,-1,-1,0,1,-1,1,1
,C,20180109,1,-1,-1,-1,1,1,-1,0,0,0,0,-1
,CD,20180109,1,-1,1,1,-1,-1,-1,-1,-1,1,1,1
,CL,20180109,1,-1,1,1,-1,-1,-1,0,0,-1,-1,-1
,CU,20180109,1,-1,-1,1,1,1,1,-1,0,0,0,1
,EMD,20180109,1,-1,1,1,-1,-1,-1,1,1,-1,-1,1
,ES,20180109,1,-1,1,1,-1,-1,-1,1,1,-1,-1,1
,FC,20180109,1,-1,-1,1,1,1,-1,1,1,-1,-1,1
,FV,20180109,-1,1,-1,-1,1,1,-1,0,0,-1,1,-1
,GC,20180109,-1,1,-1,1,-1,1,1,-1,0,0,0,-1
,HG,20180109,1,-1,-1,-1,1,1,-1,-1,0,0,0,1
,HO,20180109,1,-1,1,1,-1,-1,-1,0,1,-1,-1,-1
,JY,20180109,-1,1,-1,1,-1,1,-1,0,0,0,-1,1
,LC,20180109,1,-1,-1,-1,1,1,-1,1,-1,1,0,-1
,LH,20180109,1,-1,1,1,-1,-1,-1,-1,0,-1,0,-1
,MP,20180109,1,-1,1,1,-1,-1,-1,-1,-1,0,0,-1
,NE,20180109,1,-1,1,1,-1,-1,-1,0,0,-1,0,1
,NG,20180109,1,-1,-1,1,1,-1,-1,1,1,-1,-1,-1
,NIY,20180109,1,-1,1,1,-1,-1,1,1,1,-1,-1,1
,NQ,20180109,1,-1,1,1,-1,-1,-1,1,1,-1,-1,1
,PA,20180109,1,-1,1,1,-1,-1,-1,0,0,-1,-1,-1
,PL,20180109,-1,1,1,1,-1,-1,-1,-1,0,-1,0,-1
,RB,20180109,1,-1,1,1,-1,-1,-1,0,1,-1,0,-1
,S,20180109,1,-1,-1,1,1,-1,1,-1,0,0,0,-1
,SF,20180109,1,-1,-1,1,1,1,1,1,0,0,0,1
,SI,20180109,-1,1,-1,1,-1,1,1,-1,0,-1,0,-1
,SM,20180109,1,-1,1,1,-1,1,1,0,0,0,0,-1
,TU,20180109,-1,1,-1,-1,1,1,1,1,1,-1,-1,1
,TY,20180109,-1,1,-1,-1,1,1,1,0,0,0,0,-1
,US,20180109,-1,1,-1,-1,1,1,-1,-1,-1,1,1,1
,W,20180109,1,-1,-1,1,-1,1,-1,0,0,0,-1,1
,YM,20180109,1,-1,1,1,-1,-1,-1,1,1,-1,-1,1
,CC,20180109,1,-1,-1,1,-1,-1,-1,0,0,0,-1,-1
,CT,20180109,1,-1,1,1,-1,-1,-1,1,1,-1,-1,-1
,KC,20180109,1,-1,-1,1,1,1,1,-1,0,0,0,-1
,SB,20180109,1,-1,-1,1,1,1,1,-1,-1,1,1,1
,VX,20180109,-1,1,-1,-1,1,1,-1,1,0,-1,0,-1
,AD,20180110,1,-1,-1,1,-1,1,-1,1,1,0,0,-1
,BO,20180110,1,-1,-1,1,-1,1,1,0,0,0,0,1
,BP,20180110,1,-1,-1,1,-1,-1,1,0,1,-1,1,1
,C,20180110,1,-1,-1,-1,1,1,1,0,0,0,1,-1
,CD,20180110,1,-1,-1,1,1,1,1,0,0,0,0,1
,CL,20180110,1,-1,1,1,-1,-1,-1,1,1,-1,-1,-1
,CU,20180110,1,-1,-1,1,1,1,-1,0,0,0,0,1
,EMD,20180110,1,-1,1,1,-1,-1,-1,1,1,-1,-1,1
,ES,20180110,1,-1,1,1,-1,-1,-1,1,1,-1,-1,1
,FC,20180110,1,-1,-1,1,1,1,-1,-1,-1,1,1,1
,FV,20180110,-1,1,-1,-1,1,1,1,1,0,0,0,-1
,GC,20180110,-1,1,1,1,-1,-1,-1,0,0,0,-1,-1
,HG,20180110,1,-1,-1,-1,1,1,-1,1,1,-1,-1,1
,HO,20180110,1,-1,-1,1,-1,-1,-1,0,1,-1,0,-1
,JY,20180110,-1,1,1,1,-1,-1,-1,-1,0,0,0,1
,LC,20180110,1,-1,-1,-1,1,1,1,0,0,0,1,-1
,LH,20180110,1,-1,1,1,-1,-1,-1,0,0,-1,-1,-1
,MP,20180110,1,-1,-1,1,1,1,1,1,0,0,0,-1
,NE,20180110,1,-1,1,1,-1,-1,-1,0,0,0,0,1
,NG,20180110,1,-1,-1,1,1,-1,1,-1,-1,1,1,-1
,NIY,20180110,1,-1,1,1,-1,-1,1,1,1,-1,-1,1
,NQ,20180110,1,-1,1,1,-1,-1,-1,1,1,-1,-1,1
,PA,20180110,1,-1,-1,1,-1,1,-1,-1,0,-1,0,-1
,PL,20180110,-1,1,1,1,-1,-1,-1,0,0,-1,-1,-1
,RB,20180110,1,-1,1,1,-1,-1,-1,0,1,-1,-1,-1
,S,20180110,1,-1,-1,-1,1,1,1,0,0,1,-1,-1
,SF,20180110,1,-1,-1,1,1,1,-1,1,0,0,0,1
,SI,20180110,-1,1,-1,1,-1,1,-1,-1,0,0,0,-1
,SM,20180110,1,-1,-1,-1,1,1,-1,-1,0,0,0,-1
,TU,20180110,-1,1,-1,-1,1,1,-1,0,0,1,1,1
,TY,20180110,-1,1,-1,-1,1,1,1,-1,-1,1,1,-1
,US,20180110,-1,1,-1,-1,1,1,1,1,1,0,0,1
,W,20180110,1,-1,-1,1,-1,-1,-1,0,0,0,-1,1
,YM,20180110,1,-1,1,1,-1,-1,-1,1,1,-1,-1,1
,CC,20180110,1,-1,1,1,-1,-1,-1,0,0,0,1,-1
,CT,20180110,1,-1,1,1,-1,-1,-1,1,1,-1,-1,-1
,KC,20180110,1,-1,-1,1,1,1,-1,0,0,1,0,-1
,SB,20180110,1,-1,-1,-1,1,1,1,-1,-1,1,1,-1
,VX,20180110,-1,1,-1,-1,1,-1,1,0,0,0,-1,-1
,AD,20180111,1,-1,1,1,-1,-1,-1,-1,0,0,0,-1
,BO,20180111,1,-1,-1,-1,1,1,1,0,0,1,1,1
,BP,20180111,1,-1,-1,1,-1,-1,-1,0,0,0,-1,1
,C,20180111,1,-1,-1,-1,1,1,-1,0,1,0,1,-1
,CD,20180111,1,-1,-1,1,1,1,-1,1,1,-1,-1,1
,CL,20180111,1,-1,1,1,-1,-1,-1,0,0,-1,-1,-1
,CU,20180111,1,-1,-1,1,1,-1,-1,0,0,0,0,1
,EMD,20180111,1,-1,1,1,-1,-1,-1,0,0,-1,-1,1
,ES,20180111,1,-1,1,1,-1,-1,-1,0,0,-1,-1,1
,FC,20180111,1,-1,-1,-1,1,1,1,-1,-1,1,1,1
,FV,20180111,-1,1,-1,-1,1,1,-1,0,0,1,0,-1
,GC,20180111,-1,1,1,1,-1,-1,-1,0,1,-1,-1,-1
,HG,20180111,1,-1,-1,-1,1,1,1,-1,-1,1,1,1
,HO,20180111,1,-1,-1,1,-1,-1,1,1,-1,-1,0,-1
,JY,20180111,-1,1,1,1,-1,-1,-1,1,-1,0,0,1
,LC,20180111,1,-1,-1,-1,1,1,-1,-1,0,0,0,-1
,LH,20180111,1,-1,-1,-1,-1,1,-1,-1,-1,1,1,-1
,MP,20180111,1,-1,1,1,-1,-1,-1,1,0,0,0,-1
,NE,20180111,1,-1,1,1,-1,-1,-1,0,0,-1,0,1
,NG,20180111,1,-1,1,1,-1,-1,-1,1,1,-1,-1,-1
,NIY,20180111,1,-1,1,1,-1,-1,-1,0,1,-1,-1,1
,NQ,20180111,1,-1,1,1,-1,-1,-1,0,1,-1,-1,1
,PA,20180111,1,-1,-1,1,1,1,-1,-1,1,0,0,-1
,PL,20180111,-1,1,1,1,-1,-1,-1,-1,0,-1,0,-1
,RB,20180111,1,-1,1,1,-1,-1,-1,0,0,-1,-1,-1
,S,20180111,1,-1,-1,-1,1,1,1,-1,0,0,-1,-1
,SF,20180111,1,-1,-1,1,-1,1,-1,0,1,0,0,1
,SI,20180111,-1,1,-1,1,-1,1,1,0,0,0,1,-1
,SM,20180111,1,-1,-1,-1,1,1,1,-1,0,1,0,-1
,TU,20180111,-1,1,-1,-1,1,1,1,0,-1,1,1,1
,TY,20180111,-1,1,-1,-1,1,1,-1,1,0,1,0,-1
,US,20180111,-1,1,-1,-1,1,1,-1,1,1,0,0,1
,W,20180111,1,-1,-1,1,-1,-1,1,0,0,0,-1,1
,YM,20180111,1,-1,1,1,-1,-1,-1,0,1,-1,-1,1
,CC,20180111,1,-1,1,1,-1,-1,-1,0,0,0,0,-1
,CT,20180111,1,-1,1,1,-1,-1,-1,1,1,-1,-1,-1
,KC,20180111,1,-1,-1,-1,1,1,1,-1,-1,1,1,-1
,SB,20180111,1,-1,-1,-1,1,1,-1,0,0,1,0,-1
,VX,20180111,-1,1,1,-1,1,-1,1,0,-1,1,0,-1
,AD,20180112,1,-1,1,1,-1,-1,-1,0,0,-1,-1,-1
,BO,20180112,1,-1,-1,1,1,1,-1,0,0,1,-1,1
,BP,20180112,1,-1,1,1,-1,-1,-1,1,1,-1,-1,1
,C,20180112,1,-1,-1,-1,1,1,-1,0,0,1,1,-1
,CD,20180112,1,-1,-1,1,1,1,-1,1,1,-1,-1,1
,CL,20180112,1,-1,1,1,-1,-1,-1,0,0,-1,-1,-1
,CU,20180112,1,-1,1,1,-1,-1,-1,1,1,-1,-1,1
,EMD,20180112,1,-1,1,1,-1,-1,-1,0,-1,-1,-1,1
,ES,20180112,1,-1,1,1,-1,-1,-1,0,0,-1,-1,1
,FC,20180112,1,-1,1,1,1,1,-1,1,1,-1,-1,1
,FV,20180112,-1,1,-1,-1,1,1,-1,-1,-1,1,1,-1
,GC,20180112,-1,1,1,1,-1,-1,-1,0,0,0,-1,-1
,HG,20180112,1,-1,-1,-1,1,1,1,-1,-1,1,1,1
,HO,20180112,1,-1,1,1,-1,-1,-1,1,1,-1,0,-1
,JY,20180112,-1,1,1,1,-1,-1,-1,1,0,0,0,1
,LC,20180112,1,-1,-1,-1,1,1,-1,1,0,0,0,-1
,LH,20180112,1,-1,-1,-1,-1,1,-1,1,1,-1,-1,-1
,MP,20180112,1,-1,1,1,-1,-1,-1,1,1,-1,-1,-1
,NE,20180112,1,-1,1,1,-1,-1,1,-1,0,-1,0,1
,NG,20180112,1,-1,1,1,-1,-1,-1,1,1,-1,-1,-1
,NIY,20180112,1,-1,1,1,1,1,-1,1,1,0,0,1
,NQ,20180112,1,-1,1,1,-1,-1,-1,0,0,-1,-1,1
,PA,20180112,1,-1,1,1,-1,-1,-1,0,1,-1,-1,-1
,PL,20180112,-1,1,1,1,-1,-1,-1,0,0,-1,-1,-1
,RB,20180112,1,-1,1,1,-1,-1,-1,0,1,-1,-1,-1
,S,20180112,1,-1,-1,1,1,1,-1,-1,0,1,1,-1
,SF,20180112,1,-1,1,1,-1,-1,-1,0,0,-1,1,1
,SI,20180112,-1,1,-1,1,-1,-1,-1,-1,0,0,0,-1
,SM,20180112,1,-1,-1,1,1,-1,-1,0,0,0,0,-1
,TU,20180112,-1,1,-1,-1,1,1,1,0,1,1,1,1
,TY,20180112,-1,1,-1,-1,1,1,-1,-1,0,0,0,-1
,US,20180112,-1,1,-1,-1,1,1,-1,1,1,-1,-1,1
,W,20180112,1,-1,-1,-1,1,1,1,0,0,0,0,1
,YM,20180112,1,-1,1,1,-1,-1,-1,0,0,-1,-1,1
,CC,20180112,1,-1,1,1,-1,-1,1,0,-1,0,1,-1
,CT,20180112,1,-1,1,1,-1,-1,1,-1,-1,1,1,-1
,KC,20180112,1,-1,-1,-1,1,1,1,0,0,0,0,-1
,SB,20180112,1,-1,-1,-1,1,1,1,1,1,-1,-1,-1
,VX,20180112,-1,1,1,-1,1,-1,1,1,0,-1,0,-1
,AD,20180116,1,-1,1,1,-1,-1,-1,0,1,-1,-1,-1
,BO,20180116,1,-1,-1,-1,1,1,1,-1,0,0,0,1
,BP,20180116,1,-1,1,1,-1,-1,-1,0,0,0,0,1
,C,20180116,1,-1,1,-1,1,1,-1,0,0,0,0,-1
,CD,20180116,1,-1,-1,1,-1,-1,-1,1,1,-1,-1,1
,CL,20180116,1,-1,1,1,-1,1,-1,0,0,-1,0,-1
,CU,20180116,1,-1,1,1,-1,-1,-1,0,0,-1,-1,1
,EMD,20180116,1,-1,1,1,-1,1,-1,0,1,-1,0,1
,ES,20180116,1,-1,1,1,-1,-1,-1,1,0,-1,0,1
,FC,20180116,1,-1,1,1,1,-1,-1,1,1,-1,-1,1
,FV,20180116,-1,1,-1,-1,1,1,1,1,-1,0,0,1
,GC,20180116,-1,1,1,1,-1,-1,-1,0,1,-1,-1,-1
,HG,20180116,1,-1,-1,-1,1,1,-1,1,1,-1,-1,1
,HO,20180116,1,-1,1,-1,-1,1,1,1,0,-1,0,-1
,JY,20180116,-1,1,1,1,-1,-1,-1,0,0,0,0,1
,LC,20180116,1,-1,1,-1,1,1,-1,1,1,0,0,-1
,LH,20180116,1,-1,-1,1,-1,-1,-1,1,1,-1,-1,-1
,MP,20180116,1,-1,1,1,-1,-1,-1,1,1,-1,-1,-1
,NE,20180116,1,-1,1,1,-1,-1,-1,0,0,-1,-1,1
,NG,20180116,1,-1,1,1,-1,-1,1,-1,-1,1,1,-1
,NIY,20180116,1,-1,-1,1,-1,1,1,-1,1,-1,0,1
,NQ,20180116,1,-1,1,1,-1,-1,-1,0,1,-1,-1,1
,PA,20180116,1,-1,-1,1,-1,-1,1,0,0,-1,-1,-1
,PL,20180116,-1,1,1,1,-1,-1,-1,0,0,-1,-1,-1
,RB,20180116,1,-1,1,1,-1,-1,1,-1,0,0,0,-1
,S,20180116,1,-1,1,1,-1,-1,-1,1,0,0,0,1
,SF,20180116,1,-1,1,1,-1,-1,-1,1,1,-1,-1,1
,SI,20180116,-1,1,1,1,-1,-1,-1,0,0,-1,-1,-1
,SM,20180116,1,-1,1,1,-1,-1,-1,1,0,0,0,1
,TU,20180116,-1,1,-1,-1,1,1,1,0,-1,1,1,1
,TY,20180116,-1,1,-1,-1,1,1,-1,-1,-1,0,0,1
,US,20180116,-1,1,-1,-1,1,1,-1,-1,0,0,0,1
,W,20180116,1,-1,-1,-1,1,1,1,-1,-1,1,1,1
,YM,20180116,1,-1,1,1,-1,-1,-1,0,1,-1,-1,1
,CC,20180116,1,-1,1,1,-1,-1,-1,0,0,0,0,-1
,CT,20180116,1,-1,1,1,-1,-1,1,0,0,-1,-1,-1
,KC,20180116,1,-1,-1,-1,1,1,1,0,0,0,0,1
,SB,20180116,1,-1,-1,-1,1,1,-1,0,0,0,0,-1
,VX,20180116,-1,1,1,-1,-1,-1,-1,-1,0,0,0,-1
,AD,20180117,1,-1,1,1,-1,-1,-1,0,1,-1,-1,-1
,BO,20180117,1,-1,-1,-1,1,1,-1,-1,0,1,0,1
,BP,20180117,1,-1,1,1,-1,-1,-1,0,0,0,0,1
,C,20180117,1,-1,1,-1,-1,-1,-1,1,0,0,0,-1
,CD,20180117,1,-1,1,1,-1,-1,-1,1,1,-1,-1,1
,CL,20180117,1,-1,1,1,-1,-1,-1,0,1,-1,-1,-1
,CU,20180117,1,-1,1,1,-1,-1,1,1,0,0,0,1
,EMD,20180117,1,-1,1,1,-1,-1,-1,0,0,-1,-1,1
,ES,20180117,1,-1,1,1,-1,-1,-1,0,0,-1,-1,1
,FC,20180117,1,-1,1,-1,-1,-1,-1,1,1,-1,-1,1
,FV,20180117,-1,1,-1,-1,1,1,-1,0,0,1,1,1
,GC,20180117,-1,1,1,1,-1,-1,-1,0,0,-1,-1,1
,HG,20180117,1,-1,-1,-1,1,1,-1,-1,-1,1,1,1
,HO,20180117,1,-1,1,1,-1,-1,-1,0,1,-1,0,-1
,JY,20180117,-1,1,1,1,-1,-1,1,-1,0,0,0,1
,LC,20180117,1,-1,1,-1,-1,-1,-1,1,0,0,0,-1
,LH,20180117,1,-1,-1,1,1,-1,-1,-1,-1,1,1,-1
,MP,20180117,1,-1,1,1,-1,-1,-1,0,1,0,0,-1
,NE,20180117,1,-1,1,1,-1,-1,-1,0,1,-1,-1,1
,NG,20180117,1,-1,1,1,-1,-1,-1,1,1,-1,-1,-1
,NIY,20180117,1,-1,1,1,-1,-1,-1,0,1,-1,0,1
,NQ,20180117,1,-1,1,1,-1,-1,-1,0,1,-1,-1,1
,PA,20180117,1,-1,1,1,-1,-1,-1,0,0,-1,-1,-1
,PL,20180117,-1,1,1,1,-1,-1,-1,0,0,-1,-1,-1
,RB,20180117,1,-1,1,1,-1,-1,-1,0,0,-1,0,-1
,S,20180117,1,-1,1,1,-1,-1,-1,1,0,0,0,1
,SF,20180117,1,-1,1,1,-1,-1,1,-1,-1,1,1,1
,SI,20180117,-1,1,1,-1,-1,-1,-1,0,-1,-1,-1,-1
,SM,20180117,1,-1,1,1,-1,-1,-1,-1,-1,0,0,1
,TU,20180117,-1,1,-1,-1,1,1,1,0,0,1,1,1
,TY,20180117,-1,1,-1,-1,1,1,1,1,0,0,1,1
,US,20180117,-1,1,1,-1,1,1,-1,1,-1,0,0,1
,W,20180117,1,-1,-1,-1,1,1,-1,0,0,0,0,1
,YM,20180117,1,-1,1,1,-1,-1,-1,0,1,-1,-1,1
,CC,20180117,1,-1,1,1,-1,-1,-1,1,0,0,0,-1
,CT,20180117,1,-1,1,1,-1,-1,-1,0,0,-1,-1,-1
,KC,20180117,1,-1,-1,-1,1,-1,-1,-1,0,0,0,1
,SB,20180117,1,-1,-1,-1,1,1,1,-1,-1,1,1,-1
,VX,20180117,-1,1,1,1,-1,-1,1,0,0,0,-1,-1
,AD,20180118,1,-1,1,1,-1,-1,1,-1,1,0,0,-1
,BO,20180118,1,-1,-1,-1,1,1,1,0,0,1,1,1
,BP,20180118,1,-1,1,1,-1,-1,-1,0,0,0,-1,1
,C,20180118,1,-1,1,-1,-1,-1,1,1,0,0,0,-1
,CD,20180118,1,-1,1,1,-1,-1,1,0,1,-1,0,1
,CL,20180118,1,-1,1,1,-1,-1,-1,-1,1,-1,0,-1
,CU,20180118,1,-1,1,1,-1,-1,-1,-1,1,0,0,1
,EMD,20180118,1,-1,1,1,-1,-1,-1,1,0,-1,0,1
,ES,20180118,1,-1,1,1,-1,-1,-1,-1,0,-1,0,1
,FC,20180118,1,-1,1,1,-1,-1,-1,1,0,0,0,1
,FV,20180118,-1,1,-1,-1,1,1,1,0,-1,1,1,1
,GC,20180118,-1,1,1,1,-1,1,-1,-1,0,-1,0,-1
,HG,20180118,1,-1,-1,-1,1,-1,-1,0,0,0,-1,1
,HO,20180118,1,-1,-1,-1,-1,1,-1,0,1,-1,0,-1
,JY,20180118,-1,1,1,1,-1,-1,-1,0,0,0,-1,1
,LC,20180118,1,-1,1,-1,-1,-1,-1,-1,1,0,0,-1
,LH,20180118,1,-1,1,1,1,-1,-1,1,1,-1,-1,-1
,MP,20180118,1,-1,1,1,-1,-1,-1,0,1,0,0,-1
,NE,20180118,1,-1,1,1,-1,-1,-1,0,0,-1,-1,1
,NG,20180118,1,-1,1,1,-1,-1,1,-1,-1,1,1,-1
,NIY,20180118,1,-1,1,1,-1,-1,-1,-1,0,-1,-1,1
,NQ,20180118,1,-1,1,1,-1,-1,-1,0,1,-1,-1,1
,PA,20180118,1,-1,1,1,-1,-1,-1,0,0,-1,-1,-1
,PL,20180118,-1,1,1,1,-1,-1,-1,0,0,-1,-1,-1
,RB,20180118,1,-1,1,1,-1,-1,-1,0,0,-1,-1,-1
,S,20180118,1,-1,1,1,-1,-1,-1,0,0,0,0,1
,SF,20180118,1,-1,1,1,-1,-1,-1,1,1,-1,-1,1
,SI,20180118,-1,1,-1,-1,-1,1,-1,-1,1,0,0,-1
,SM,20180118,1,-1,1,1,-1,-1,-1,1,0,0,0,1
,TU,20180118,-1,1,-1,-1,1,1,-1,0,-1,1,1,1
,TY,20180118,-1,1,-1,-1,1,1,1,0,-1,1,1,1
,US,20180118,-1,1,-1,-1,1,1,-1,1,0,0,0,1
,W,20180118,1,-1,-1,-1,1,-1,-1,-1,0,0,0,1
,YM,20180118,1,-1,1,1,1,1,-1,-1,0,0,0,1
,CC,20180118,1,-1,1,1,-1,-1,1,0,0,-1,-1,-1
,CT,20180118,1,-1,1,1,-1,-1,-1,1,1,-1,-1,-1
,KC,20180118,1,-1,-1,-1,1,-1,-1,-1,0,0,0,1
,SB,20180118,1,-1,-1,-1,1,1,1,0,0,1,0,-1
,VX,20180118,-1,1,1,1,-1,-1,1,0,0,0,0,-1
,AD,20180119,1,-1,1,1,-1,-1,-1,0,0,-1,0,1
,BO,20180119,1,-1,-1,-1,1,1,-1,0,-1,1,1,1
,BP,20180119,1,-1,1,1,-1,-1,-1,0,1,-1,-1,1
,C,20180119,1,-1,1,1,-1,-1,-1,1,0,0,0,-1
,CD,20180119,1,-1,1,1,-1,-1,-1,-1,-1,1,1,1
,CL,20180119,1,-1,-1,1,-1,1,-1,-1,0,-1,0,-1
,CU,20180119,1,-1,1,1,-1,-1,-1,-1,1,0,0,1
,EMD,20180119,1,-1,1,1,-1,-1,-1,0,0,-1,-1,1
,ES,20180119,1,-1,1,1,-1,-1,-1,0,1,-1,-1,1
,FC,20180119,1,-1,1,1,-1,-1,1,-1,-1,1,1,1
,FV,20180119,-1,1,-1,-1,1,1,1,0,0,1,1,1
,GC,20180119,-1,1,1,1,-1,-1,-1,0,0,-1,-1,-1
,HG,20180119,1,-1,-1,-1,1,1,-1,-1,0,0,0,1
,HO,20180119,1,-1,-1,-1,-1,-1,-1,0,1,-1,-1,-1
,JY,20180119,-1,1,1,1,-1,1,-1,-1,0,0,0,1
,LC,20180119,1,-1,1,-1,-1,-1,-1,-1,1,0,0,-1
,LH,20180119,1,-1,1,1,1,-1,-1,-1,-1,1,1,-1
,MP,20180119,1,-1,1,1,-1,-1,-1,1,0,0,0,-1
,NE,20180119,1,-1,1,1,-1,1,-1,0,0,-1,-1,1
,NG,20180119,1,-1,1,1,-1,-1,1,0,0,0,0,-1
,NIY,20180119,1,-1,1,1,-1,-1,-1,0,0,-1,-1,1
,NQ,20180119,1,-1,1,1,-1,-1,-1,0,0,-1,-1,1
,PA,20180119,1,-1,1,1,-1,-1,-1,0,0,-1,-1,-1
,PL,20180119,-1,1,1,1,-1,-1,-1,0,0,-1,-1,-1
,RB,20180119,1,-1,1,1,-1,-1,-1,1,0,-1,0,-1
,S,20180119,1,-1,1,1,-1,-1,-1,0,0,0,0,1
,SF,20180119,1,-1,1,1,-1,-1,1,0,0,0,0,1
,SI,20180119,-1,1,1,-1,1,-1,-1,0,0,0,0,-1
,SM,20180119,1,-1,1,1,-1,-1,-1,-1,0,0,0,1
,TU,20180119,-1,1,-1,-1,1,1,1,0,-1,1,1,1
,TY,20180119,-1,1,-1,-1,1,1,1,0,0,0,1,1
,US,20180119,-1,1,-1,-1,1,1,1,-1,0,1,0,1
,W,20180119,1,-1,-1,-1,1,-1,1,0,-1,0,0,1
,YM,20180119,1,-1,1,1,1,-1,-1,0,0,0,-1,1
,CC,20180119,1,-1,1,1,-1,1,-1,-1,0,0,0,-1
,CT,20180119,1,-1,1,1,-1,-1,-1,0,0,-1,-1,-1
,KC,20180119,1,-1,-1,-1,1,-1,-1,1,0,0,0,1
,SB,20180119,1,-1,-1,-1,1,-1,-1,1,1,-1,-1,-1
,VX,20180119,-1,1,1,1,-1,-1,1,1,-1,0,1,-1
,AD,20180122,1,-1,1,1,-1,-1,-1,0,0,-1,-1,1
,BO,20180122,1,-1,-1,-1,1,1,1,0,0,1,1,1
,BP,20180122,1,-1,1,1,-1,-1,-1,0,0,-1,-1,1
,C,20180122,1,-1,1,1,-1,-1,1,1,-1,0,0,-1
,CD,20180122,1,-1,1,-1,-1,-1,-1,1,1,-1,-1,1
,CL,20180122,1,-1,-1,1,-1,1,-1,-1,0,-1,0,-1
,CU,20180122,1,-1,1,1,-1,-1,-1,0,1,-1,-1,1
,EMD,20180122,1,-1,1,1,-1,-1,-1,0,0,-1,-1,-1
,ES,20180122,1,-1,1,1,-1,-1,-1,0,0,-1,-1,-1
,FC,20180122,1,-1,1,1,-1,-1,-1,1,1,-1,-1,1
,FV,20180122,-1,1,-1,-1,1,1,1,0,0,1,1,1
,GC,20180122,-1,1,-1,1,-1,-1,-1,-1,-1,1,1,1
,HG,20180122,1,-1,-1,-1,1,-1,-1,0,0,0,-1,1
,HO,20180122,1,-1,-1,1,-1,-1,-1,0,0,-1,-1,-1
,JY,20180122,-1,1,1,1,-1,-1,-1,-1,0,0,0,1
,LC,20180122,1,-1,1,1,-1,-1,-1,1,0,0,1,-1
,LH,20180122,1,-1,1,1,-1,-1,1,-1,0,0,0,-1
,MP,20180122,1,-1,1,1,-1,-1,1,-1,0,1,0,-1
,NE,20180122,1,-1,1,1,-1,-1,-1,0,0,-1,-1,1
,NG,20180122,1,-1,-1,1,-1,-1,1,1,-1,0,0,-1
,NIY,20180122,1,-1,1,1,-1,-1,-1,0,0,-1,-1,1
,NQ,20180122,1,-1,1,1,-1,-1,-1,0,0,-1,-1,1
,PA,20180122,1,-1,-1,1,-1,1,-1,-1,0,0,0,-1
,PL,20180122,-1,1,1,1,1,1,-1,-1,0,0,0,-1
,RB,20180122,1,-1,1,1,-1,-1,-1,0,0,-1,-1,-1
,S,20180122,1,-1,1,1,-1,-1,-1,1,1,-1,-1,1
,SF,20180122,1,-1,1,1,-1,-1,1,1,-1,0,0,1
,SI,20180122,-1,1,-1,-1,1,1,1,0,0,0,0,-1
,SM,20180122,1,-1,1,1,-1,-1,-1,1,1,-1,-1,1
,TU,20180122,-1,1,-1,-1,1,1,1,0,0,1,1,1
,TY,20180122,-1,1,-1,-1,1,1,-1,0,0,1,0,1
,US,20180122,-1,1,-1,-1,1,1,-1,-1,0,1,0,1
,W,20180122,1,-1,1,-1,1,-1,-1,-1,0,0,0,1
,YM,20180122,1,-1,1,1,-1,-1,-1,0,0,-1,-1,1
,CC,20180122,1,-1,1,1,-1,1,-1,1,1,-1,-1,-1
,CT,20180122,1,-1,1,1,-1,-1,1,-1,-1,1,1,-1
,KC,20180122,1,-1,1,-1,1,-1,-1,-1,0,0,0,1
,SB,20180122,1,-1,-1,-1,1,-1,1,-1,-1,1,1,-1
,VX,20180122,-1,1,1,1,-1,1,1,0,-1,0,1,-1
,AD,20180123,1,-1,1,1,-1,-1,-1,1,1,0,0,1
,BO,20180123,1,-1,-1,-1,1,1,-1,0,0,-1,0,1
,BP,20180123,1,-1,1,1,-1,-1,-1,0,0,-1,-1,1
,C,20180123,1,-1,1,1,-1,-1,1,-1,0,0,0,-1
,CD,20180123,1,-1,-1,-1,-1,-1,-1,1,1,-1,-1,1
,CL,20180123,1,-1,1,1,-1,-1,-1,0,0,-1,-1,-1
,CU,20180123,1,-1,1,1,-1,-1,-1,0,0,-1,-1,1
,EMD,20180123,1,-1,1,1,-1,-1,-1,1,1,-1,-1,-1
,ES,20180123,1,-1,1,1,-1,-1,-1,1,1,-1,-1,-1
,FC,20180123,1,-1,1,1,-1,-1,-1,1,1,-1,-1,1
,FV,20180123,-1,1,-1,-1,1,1,-1,1,0,1,0,1
,GC,20180123,-1,1,-1,1,-1,-1,-1,0,1,-1,-1,1
,HG,20180123,1,-1,-1,-1,1,1,1,-1,-1,1,1,-1
,HO,20180123,1,-1,1,1,-1,-1,-1,0,1,-1,-1,-1
,JY,20180123,-1,1,-1,1,-1,-1,-1,0,0,-1,-1,1
,LC,20180123,1,-1,1,1,-1,-1,-1,1,1,0,0,-1
,LH,20180123,1,-1,-1,-1,1,-1,1,-1,0,0,0,-1
,MP,20180123,1,-1,1,1,-1,-1,1,1,0,0,0,-1
,NE,20180123,1,-1,1,1,-1,-1,-1,0,0,-1,-1,1
,NG,20180123,1,-1,1,1,-1,-1,-1,-1,0,0,0,-1
,NIY,20180123,1,-1,1,1,-1,-1,-1,1,1,-1,-1,1
,NQ,20180123,1,-1,1,1,-1,-1,-1,1,1,-1,-1,1
,PA,20180123,1,-1,-1,-1,1,1,-1,-1,0,0,0,-1
,PL,20180123,-1,1,1,1,1,-1,-1,0,0,0,-1,-1
,RB,20180123,1,-1,1,1,-1,-1,-1,0,0,-1,-1,-1
,S,20180123,1,-1,1,1,-1,-1,-1,0,0,0,0,1
,SF,20180123,1,-1,1,1,-1,-1,-1,0,0,-1,-1,1
,SI,20180123,-1,1,-1,-1,1,1,-1,-1,0,0,0,-1
,SM,20180123,1,-1,1,1,-1,-1,-1,1,1,0,0,1
,TU,20180123,-1,1,-1,-1,1,1,-1,-1,0,1,0,1
,TY,20180123,-1,1,-1,-1,1,1,-1,0,0,1,0,1
,US,20180123,-1,1,-1,-1,1,1,-1,1,1,0,0,1
,W,20180123,1,-1,1,-1,1,-1,1,-1,0,0,0,1
,YM,20180123,1,-1,1,1,-1,-1,-1,1,1,-1,-1,1
,CC,20180123,1,-1,-1,1,-1,1,-1,-1,1,0,0,-1
,CT,20180123,1,-1,1,1,-1,-1,-1,-1,-1,1,1,-1
,KC,20180123,1,-1,1,-1,1,-1,1,-1,0,0,0,1
,SB,20180123,1,-1,-1,-1,1,-1,-1,-1,1,-1,0,1
,VX,20180123,-1,1,-1,1,-1,1,1,1,0,0,0,-1
,AD,20180124,1,-1,1,1,-1,-1,-1,0,0,0,-1,1
,BO,20180124,1,-1,1,-1,-1,1,-1,1,-1,0,0,1
,BP,20180124,1,-1,1,1,-1,-1,-1,1,1,-1,-1,1
,C,20180124,1,-1,1,1,-1,-1,-1,1,0,0,0,-1
,CD,20180124,1,-1,1,1,-1,-1,-1,1,1,-1,-1,1
,CL,20180124,1,-1,1,1,-1,-1,-1,0,0,-1,-1,-1
,CU,20180124,1,-1,1,1,-1,-1,-1,0,0,-1,-1,1
,EMD,20180124,1,-1,1,1,-1,-1,1,1,0,-1,0,-1
,ES,20180124,1,-1,1,1,-1,-1,-1,0,1,-1,-1,-1
,FC,20180124,1,-1,1,1,-1,-1,-1,-1,-1,1,1,1
,FV,20180124,-1,1,-1,-1,1,1,1,0,0,1,1,1
,GC,20180124,-1,1,1,1,-1,-1,-1,1,1,-1,-1,1
,HG,20180124,1,-1,1,1,-1,-1,-1,1,1,-1,-1,-1
,HO,20180124,1,-1,1,1,-1,-1,-1,0,0,-1,-1,-1
,JY,20180124,-1,1,1,1,-1,-1,-1,1,1,-1,-1,1
,LC,20180124,1,-1,1,1,-1,-1,-1,1,0,0,0,-1
,LH,20180124,1,-1,1,-1,-1,-1,-1,0,0,0,0,-1
,MP,20180124,1,-1,1,1,-1,-1,-1,0,0,0,0,-1
,NE,20180124,1,-1,1,1,-1,-1,-1,0,0,-1,-1,1
,NG,20180124,1,-1,1,1,-1,-1,-1,0,0,-1,1,-1
,NIY,20180124,1,-1,-1,-1,-1,1,-1,-1,0,-1,0,1
,NQ,20180124,1,-1,1,1,-1,1,-1,-1,0,-1,0,1
,PA,20180124,1,-1,-1,1,1,-1,-1,0,1,0,-1,-1
,PL,20180124,-1,1,1,1,-1,-1,-1,0,0,-1,-1,-1
,RB,20180124,1,-1,1,1,-1,-1,-1,0,1,-1,-1,-1
,S,20180124,1,-1,1,1,-1,-1,-1,0,0,0,0,1
,SF,20180124,1,-1,1,1,-1,-1,-1,1,1,-1,-1,1
,SI,20180124,-1,1,1,1,-1,-1,-1,1,1,-1,-1,-1
,SM,20180124,1,-1,1,1,-1,-1,-1,1,0,0,0,1
,TU,20180124,-1,1,-1,-1,1,1,1,0,0,1,1,1
,TY,20180124,-1,1,-1,-1,1,1,1,0,0,1,0,1
,US,20180124,-1,1,-1,-1,1,1,-1,-1,0,0,0,1
,W,20180124,1,-1,1,1,-1,-1,-1,1,1,-1,-1,1
,YM,20180124,1,-1,1,1,-1,-1,-1,0,0,-1,-1,1
,CC,20180124,1,-1,-1,1,1,1,-1,1,-1,0,0,-1
,CT,20180124,1,-1,1,1,-1,-1,-1,1,1,-1,-1,-1
,KC,20180124,1,-1,-1,-1,1,-1,-1,0,0,0,0,1
,SB,20180124,1,-1,-1,-1,1,-1,-1,-1,1,0,0,1
,VX,20180124,-1,1,1,1,-1,-1,-1,-1,0,0,0,-1
,AD,20180125,1,-1,1,1,-1,1,-1,-1,-1,1,1,1
,BO,20180125,1,-1,1,-1,1,1,1,0,0,0,0,1
,BP,20180125,1,-1,1,1,-1,1,-1,-1,-1,1,1,1
,C,20180125,1,-1,1,1,-1,-1,-1,1,0,0,0,-1
,CD,20180125,1,-1,1,1,-1,-1,1,-1,-1,1,1,1
,CL,20180125,1,-1,1,1,-1,-1,1,-1,1,-1,0,-1
,CU,20180125,1,-1,1,1,-1,-1,-1,0,1,-1,-1,1
,EMD,20180125,1,-1,1,1,-1,-1,1,0,1,-1,-1,-1
,ES,20180125,1,-1,1,1,-1,-1,-1,0,1,-1,-1,-1
,FC,20180125,1,-1,-1,1,-1,-1,1,-1,-1,1,1,1
,FV,20180125,-1,1,-1,-1,1,-1,-1,0,-1,1,0,1
,GC,20180125,-1,1,1,1,-1,-1,-1,1,1,-1,-1,1
,HG,20180125,1,-1,1,-1,-1,1,-1,1,1,0,0,-1
,HO,20180125,1,-1,1,1,-1,-1,-1,0,1,-1,-1,-1
,JY,20180125,-1,1,1,1,-1,-1,1,0,0,-1,-1,1
,LC,20180125,1,-1,-1,1,-1,1,-1,-1,0,0,0,-1
,LH,20180125,1,-1,-1,-1,1,1,-1,-1,-1,1,1,-1
,MP,20180125,1,-1,1,1,-1,-1,-1,-1,0,0,0,-1
,NE,20180125,1,-1,1,1,1,1,1,-1,-1,1,1,1
,NG,20180125,1,-1,1,1,-1,-1,-1,0,1,-1,-1,-1
,NIY,20180125,1,-1,-1,-1,1,1,-1,1,0,0,0,1
,NQ,20180125,1,-1,1,1,-1,1,-1,-1,0,-1,0,1
,PA,20180125,1,-1,1,1,-1,-1,-1,-1,1,0,0,-1
,PL,20180125,-1,1,1,1,-1,-1,-1,0,0,0,-1,-1
,RB,20180125,1,-1,1,1,-1,-1,-1,0,0,-1,-1,-1
,S,20180125,1,-1,1,1,-1,-1,1,1,0,0,0,1
,SF,20180125,1,-1,1,1,-1,-1,-1,1,1,-1,-1,1
,SI,20180125,-1,1,1,1,-1,-1,-1,0,0,-1,-1,-1
,SM,20180125,1,-1,1,1,-1,-1,-1,0,1,-1,-1,1
,TU,20180125,-1,1,-1,-1,1,1,1,0,-1,1,1,1
,TY,20180125,-1,1,-1,-1,1,-1,-1,1,0,1,0,1
,US,20180125,-1,1,-1,-1,1,-1,-1,0,0,0,1,1
,W,20180125,1,-1,1,1,-1,-1,-1,-1,0,0,0,1
,YM,20180125,1,-1,1,1,-1,-1,-1,0,1,-1,-1,1
,CC,20180125,1,-1,-1,1,-1,1,-1,0,0,-1,-1,-1
,CT,20180125,1,-1,-1,1,1,1,-1,-1,-1,1,1,-1
,KC,20180125,1,-1,1,-1,1,-1,-1,0,-1,0,-1,1
,SB,20180125,1,-1,1,-1,1,-1,-1,0,0,0,0,1
,VX,20180125,-1,1,1,1,-1,-1,1,1,0,0,0,-1
,AD,20180126,1,-1,1,1,-1,-1,-1,1,1,-1,-1,-1
,BO,20180126,1,-1,1,-1,-1,-1,-1,1,0,0,0,-1
,BP,20180126,1,-1,1,1,-1,1,-1,-1,1,-1,-1,1
,C,20180126,1,-1,1,1,-1,-1,-1,1,0,0,0,-1
,CD,20180126,1,-1,1,1,-1,-1,-1,1,1,-1,-1,-1
,CL,20180126,1,-1,1,1,-1,-1,-1,0,1,-1,-1,-1
,CU,20180126,1,-1,1,1,-1,-1,-1,0,1,-1,-1,1
,EMD,20180126,1,-1,1,1,-1,-1,-1,0,1,-1,-1,-1
,ES,20180126,1,-1,1,1,-1,-1,-1,0,1,-1,-1,-1
,FC,20180126,1,-1,1,1,-1,-1,-1,1,1,-1,-1,1
,FV,20180126,-1,1,-1,-1,1,1,1,0,0,1,1,1
,GC,20180126,-1,1,1,1,-1,1,-1,-1,0,-1,0,1
,HG,20180126,1,-1,1,-1,-1,1,-1,-1,0,0,0,-1
,HO,20180126,1,-1,1,1,-1,-1,-1,0,1,-1,-1,-1
,JY,20180126,-1,1,1,1,-1,-1,-1,0,0,-1,-1,1
,LC,20180126,1,-1,1,1,-1,1,-1,0,0,0,0,-1
,LH,20180126,1,-1,-1,-1,1,1,-1,-1,-1,1,1,-1
,MP,20180126,1,-1,1,1,-1,-1,-1,0,-1,-1,-1,-1
,NE,20180126,1,-1,1,1,1,-1,-1,1,1,0,0,1
,NG,20180126,1,-1,1,1,-1,-1,-1,0,0,-1,-1,-1
,NIY,20180126,1,-1,-1,-1,1,1,-1,-1,0,0,0,1
,NQ,20180126,1,-1,1,1,-1,-1,-1,0,1,-1,-1,1
,PA,20180126,1,-1,-1,1,1,1,-1,-1,0,0,0,-1
,PL,20180126,-1,1,-1,1,-1,1,-1,-1,0,0,0,-1
,RB,20180126,1,-1,1,1,-1,-1,-1,0,0,-1,-1,-1
,S,20180126,1,-1,1,1,-1,-1,-1,0,0,1,-1,-1
,SF,20180126,1,-1,1,1,-1,-1,-1,1,1,-1,-1,1
,SI,20180126,-1,1,1,1,-1,1,1,-1,0,0,0,-1
,SM,20180126,1,-1,1,1,1,1,1,-1,0,0,0,1
,TU,20180126,-1,1,-1,-1,1,1,1,0,0,1,1,1
,TY,20180126,-1,1,-1,-1,1,1,-1,-1,-1,1,1,1
,US,20180126,-1,1,-1,-1,1,-1,-1,-1,0,0,0,1
,W,20180126,1,-1,1,1,-1,-1,-1,1,1,-1,-1,-1
,YM,20180126,1,-1,1,1,-1,-1,-1,0,1,-1,-1,1
,CC,20180126,1,-1,1,1,-1,-1,-1,1,0,0,0,-1
,CT,20180126,1,-1,-1,-1,1,1,-1,-1,-1,1,1,-1
,KC,20180126,1,-1,1,1,-1,-1,-1,0,1,-1,0,1
,SB,20180126,1,-1,1,-1,1,-1,-1,0,0,0,0,1
,VX,20180126,-1,1,1,1,-1,-1,1,1,0,0,0,-1
,AD,20180129,1,-1,1,1,-1,1,1,0,0,-1,-1,-1
,BO,20180129,1,-1,1,-1,-1,-1,-1,1,0,0,0,-1
,BP,20180129,1,-1,1,1,1,1,1,-1,0,0,0,1
,C,20180129,1,-1,1,1,-1,-1,-1,1,0,-1,0,-1
,CD,20180129,1,-1,1,1,-1,-1,1,-1,-1,1,1,-1
,CL,20180129,1,-1,1,1,-1,-1,-1,0,0,-1,-1,-1
,CU,20180129,1,-1,1,1,-1,-1,-1,0,0,-1,-1,1
,EMD,20180129,1,-1,-1,1,1,1,-1,-1,-1,1,1,-1
,ES,20180129,1,-1,1,1,1,1,-1,-1,-1,1,1,-1
,FC,20180129,1,-1,1,1,-1,-1,-1,-1,-1,0,0,1
,FV,20180129,-1,1,-1,-1,1,1,1,0,0,1,1,1
,GC,20180129,-1,1,1,1,1,1,-1,-1,0,0,0,1
,HG,20180129,1,-1,-1,-1,-1,1,-1,-1,1,0,0,-1
,HO,20180129,1,-1,1,1,-1,1,-1,0,0,-1,-1,-1
,JY,20180129,-1,1,1,1,-1,-1,-1,-1,-1,1,1,1
,LC,20180129,1,-1,1,1,-1,1,-1,1,1,0,0,-1
,LH,20180129,1,-1,-1,-1,1,1,1,-1,-1,1,1,-1
,MP,20180129,1,-1,1,1,-1,1,1,0,0,-1,1,-1
,NE,20180129,1,-1,1,1,1,1,-1,-1,0,0,0,1
,NG,20180129,1,-1,1,1,-1,-1,-1,0,1,-1,1,-1
,NIY,20180129,1,-1,-1,-1,1,1,-1,-1,-1,1,1,1
,NQ,20180129,1,-1,1,1,-1,1,-1,-1,-1,1,1,1
,PA,20180129,1,-1,-1,-1,1,1,-1,0,0,0,0,-1
,PL,20180129,-1,1,1,1,-1,1,-1,-1,1,0,0,-1
,RB,20180129,1,-1,1,1,-1,-1,-1,0,0,-1,-1,-1
,S,20180129,1,-1,1,1,-1,-1,-1,1,0,0,0,-1
,SF,20180129,1,-1,1,1,-1,-1,1,-1,-1,1,1,1
,SI,20180129,-1,1,1,-1,1,1,-1,-1,0,0,0,-1
,SM,20180129,1,-1,-1,1,1,1,-1,0,0,0,-1,1
,TU,20180129,-1,1,-1,-1,1,1,-1,0,0,0,1,1
,TY,20180129,-1,1,-1,-1,1,1,1,0,0,1,1,1
,US,20180129,-1,1,-1,-1,1,1,1,-1,0,1,0,1
,W,20180129,1,-1,1,1,-1,-1,-1,0,0,-1,0,-1
,YM,20180129,1,-1,1,1,1,1,-1,-1,-1,1,1,-1
,CC,20180129,1,-1,1,1,-1,-1,1,0,0,0,-1,-1
,CT,20180129,1,-1,-1,-1,1,1,1,-1,0,0,0,-1
,KC,20180129,1,-1,1,1,-1,-1,-1,0,1,-1,1,1
,SB,20180129,1,-1,1,-1,-1,-1,-1,0,0,-1,-1,1
,VX,20180129,-1,1,1,1,-1,-1,1,1,1,-1,-1,-1
,AD,20180130,1,-1,1,1,-1,1,-1,-1,1,-1,0,-1
,BO,20180130,1,-1,1,1,-1,-1,-1,0,0,0,0,-1
,BP,20180130,1,-1,1,1,1,-1,-1,1,1,-1,-1,1
,C,20180130,1,-1,1,1,-1,-1,-1,-1,0,-1,0,-1
,CD,20180130,1,-1,1,1,-1,-1,-1,-1,-1,1,1,-1
,CL,20180130,1,-1,1,1,1,1,-1,-1,0,0,0,-1
,CU,20180130,1,-1,1,1,-1,-1,-1,0,0,-1,-1,1
,EMD,20180130,1,-1,-1,1,1,1,-1,-1,-1,1,1,-1
,ES,20180130,1,-1,-1,1,1,1,1,-1,-1,1,1,-1
,FC,20180130,1,-1,1,1,-1,-1,-1,0,0,-1,0,1
,FV,20180130,-1,1,-1,-1,1,1,1,0,-1,1,1,1
,GC,20180130,-1,1,-1,-1,1,1,-1,0,1,0,0,1
,HG,20180130,1,-1,1,-1,-1,1,1,1,0,1,0,-1
,HO,20180130,1,-1,-1,1,1,1,-1,-1,0,0,0,-1
,JY,20180130,-1,1,1,1,-1,-1,-1,0,0,-1,-1,1
,LC,20180130,1,-1,-1,1,-1,-1,-1,0,0,0,-1,-1
,LH,20180130,1,-1,-1,-1,1,1,1,-1,0,0,0,-1
,MP,20180130,1,-1,1,1,1,1,1,0,0,1,1,-1
,NE,20180130,1,-1,-1,1,1,1,-1,-1,0,0,0,1
,NG,20180130,1,-1,1,1,-1,-1,-1,0,0,0,-1,-1
,NIY,20180130,1,-1,-1,-1,1,1,-1,-1,-1,1,1,1
,NQ,20180130,1,-1,-1,1,1,1,-1,-1,-1,1,1,1
,PA,20180130,1,-1,-1,-1,1,1,1,-1,-1,1,1,-1
,PL,20180130,-1,1,-1,-1,1,1,1,1,0,0,0,-1
,RB,20180130,1,-1,-1,1,-1,1,-1,-1,0,0,0,-1
,S,20180130,1,-1,1,1,-1,-1,-1,0,0,-1,-1,-1
,SF,20180130,1,-1,1,1,-1,-1,-1,1,1,-1,-1,1
,SI,20180130,-1,1,1,-1,1,1,1,1,0,0,0,-1
,SM,20180130,1,-1,1,1,1,1,-1,0,0,0,1,1
,TU,20180130,-1,1,-1,-1,1,1,1,0,0,1,1,1
,TY,20180130,-1,1,-1,-1,1,1,1,0,-1,1,1,1
,US,20180130,-1,1,-1,-1,1,1,-1,-1,-1,1,1,1
,W,20180130,1,-1,1,1,-1,-1,-1,1,1,-1,-1,-1
,YM,20180130,1,-1,-1,1,1,1,-1,-1,-1,1,1,-1
,CC,20180130,1,-1,1,1,-1,-1,-1,0,1,0,-1,-1
,CT,20180130,1,-1,-1,-1,1,1,1,-1,-1,1,1,-1
,KC,20180130,1,-1,1,1,-1,1,1,-1,0,0,0,1
,SB,20180130,1,-1,1,1,-1,-1,-1,0,0,-1,-1,1
,VX,20180130,-1,1,1,1,-1,-1,-1,0,0,-1,-1,1
,AD,20180131,1,-1,-1,1,1,1,-1,-1,0,0,0,-1
,BO,20180131,1,-1,1,1,-1,-1,1,-1,0,0,0,-1
,BP,20180131,1,-1,-1,1,1,-1,-1,0,0,0,-1,1
,C,20180131,1,-1,1,1,-1,-1,1,0,0,-1,-1,-1
,CD,20180131,1,-1,1,1,-1,-1,-1,1,1,-1,-1,-1
,CL,20180131,1,-1,-1,1,-1,1,-1,-1,0,0,0,-1
,CU,20180131,1,-1,1,1,-1,-1,-1,0,1,-1,-1,1
,EMD,20180131,1,-1,-1,-1,1,1,-1,-1,-1,1,1,-1
,ES,20180131,1,-1,-1,1,1,1,-1,-1,-1,1,1,-1
,FC,20180131,1,-1,-1,-1,-1,-1,-1,1,0,-1,0,1
,FV,20180131,-1,1,-1,-1,1,1,1,0,-1,1,1,1
,GC,20180131,-1,1,-1,-1,1,1,-1,1,0,0,0,1
,HG,20180131,1,-1,-1,1,-1,1,-1,0,0,0,0,-1
,HO,20180131,1,-1,-1,1,1,1,1,-1,1,0,0,-1
,JY,20180131,-1,1,-1,1,-1,-1,-1,-1,0,0,0,1
,LC,20180131,1,-1,-1,1,-1,1,1,-1,0,0,0,-1
,LH,20180131,1,-1,-1,-1,1,1,1,-1,0,0,0,-1
,MP,20180131,1,-1,-1,1,1,1,-1,0,0,-1,1,-1
,NE,20180131,1,-1,-1,1,1,-1,-1,0,0,0,-1,1
,NG,20180131,1,-1,-1,-1,1,1,-1,-1,-1,1,1,-1
,NIY,20180131,1,-1,-1,-1,1,1,-1,-1,-1,1,1,1
,NQ,20180131,1,-1,1,1,1,-1,-1,-1,-1,1,1,1
,PA,20180131,1,-1,-1,-1,1,1,-1,-1,-1,1,1,-1
,PL,20180131,-1,1,-1,-1,1,1,-1,-1,1,0,0,-1
,RB,20180131,1,-1,-1,1,-1,-1,-1,0,1,-1,-1,-1
,S,20180131,1,-1,1,1,-1,-1,1,1,1,-1,0,-1
,SF,20180131,1,-1,1,1,-1,-1,-1,1,1,-1,-1,1
,SI,20180131,-1,1,-1,1,1,1,-1,-1,0,0,0,-1
,SM,20180131,1,-1,-1,1,1,1,1,-1,0,-1,0,1
,TU,20180131,-1,1,-1,-1,1,1,1,-1,-1,1,1,1
,TY,20180131,-1,1,-1,-1,1,1,1,0,0,1,1,1
,US,20180131,-1,1,-1,-1,1,1,-1,1,1,-1,-1,1
,W,20180131,1,-1,1,1,-1,-1,-1,-1,-1,1,1,-1
,YM,20180131,1,-1,-1,1,1,-1,-1,-1,-1,1,1,-1
,CC,20180131,1,-1,1,1,-1,-1,-1,0,0,-1,-1,-1
,CT,20180131,1,-1,-1,-1,1,1,-1,1,1,-1,-1,-1
,KC,20180131,1,-1,-1,-1,-1,1,-1,0,0,1,-1,1
,SB,20180131,1,-1,1,-1,-1,1,1,-1,-1,1,1,1
,VX,20180131,-1,1,1,1,-1,1,1,-1,-1,1,1,1
,AD,20180201,1,-1,1,1,1,1,-1,-1,1,0,0,-1
,BO,20180201,1,-1,1,1,-1,-1,1,0,-1,0,1,-1
,BP,20180201,1,-1,1,1,-1,-1,-1,0,0,-1,-1,1
,C,20180201,1,-1,1,1,-1,-1,-1,0,-1,-1,-1,-1
,CD,20180201,1,-1,1,1,-1,-1,-1,1,-1,-1,0,-1
,CL,20180201,1,-1,1,1,1,-1,-1,0,1,-1,0,-1
,CU,20180201,1,-1,1,1,-1,-1,-1,0,0,-1,-1,1
,EMD,20180201,1,-1,-1,-1,1,1,-1,-1,-1,1,1,-1
,ES,20180201,1,-1,-1,1,1,1,-1,-1,-1,1,1,-1
,FC,20180201,1,-1,1,1,-1,-1,-1,1,1,-1,-1,1
,FV,20180201,-1,1,-1,-1,1,1,1,0,0,1,1,1
,GC,20180201,-1,1,-1,1,1,1,-1,0,1,0,-1,1
,HG,20180201,1,-1,-1,1,-1,-1,-1,0,0,1,0,-1
,HO,20180201,1,-1,-1,1,1,-1,-1,-1,1,0,0,-1
,JY,20180201,-1,1,-1,1,-1,1,1,1,0,-1,0,1
,LC,20180201,1,-1,1,1,-1,-1,-1,-1,0,-1,1,-1
,LH,20180201,1,-1,-1,-1,1,1,-1,0,0,0,0,-1
,MP,20180201,1,-1,1,1,-1,-1,-1,1,0,0,0,-1
,NE,20180201,1,-1,1,1,1,-1,-1,0,0,0,-1,1
,NG,20180201,1,-1,-1,-1,1,1,1,-1,0,0,0,-1
,NIY,20180201,1,-1,-1,-1,1,1,-1,-1,-1,1,1,1
,NQ,20180201,1,-1,-1,1,1,1,1,-1,-1,1,1,1
,PA,20180201,1,-1,-1,-1,1,1,-1,1,1,-1,-1,-1
,PL,20180201,-1,1,-1,1,1,-1,-1,0,1,0,-1,-1
,RB,20180201,1,-1,-1,1,-1,-1,-1,0,-1,-1,-1,-1
,S,20180201,1,-1,-1,1,1,1,1,-1,0,0,0,-1
,SF,20180201,1,-1,1,1,-1,-1,-1,1,1,-1,-1,1
,SI,20180201,-1,1,-1,1,1,1,-1,-1,1,0,0,-1
,SM,20180201,1,-1,-1,1,1,1,1,1,0,0,0,1
,TU,20180201,-1,1,-1,-1,1,1,1,-1,-1,1,1,1
,TY,20180201,-1,1,-1,-1,1,1,1,0,0,1,1,1
,US,20180201,-1,1,-1,-1,1,1,-1,-1,-1,1,1,1
,W,20180201,1,-1,1,1,-1,-1,-1,-1,-1,1,1,-1
,YM,20180201,1,-1,-1,1,1,1,-1,-1,-1,1,1,-1
,CC,20180201,1,-1,1,1,-1,-1,-1,0,0,-1,-1,-1
,CT,20180201,1,-1,-1,-1,1,-1,-1,-1,0,0,0,-1
,KC,20180201,1,-1,-1,1,1,1,1,0,0,0,0,1
,SB,20180201,1,-1,1,1,-1,-1,-1,1,1,-1,-1,1
,VX,20180201,-1,1,1,1,1,1,-1,0,1,0,1,-1
,AD,20180202,1,-1,-1,-1,1,1,1,-1,-1,1,1,-1
,BO,20180202,1,-1,-1,1,1,-1,1,0,-1,1,0,-1
,BP,20180202,1,-1,-1,1,1,1,-1,-1,-1,1,1,1
,C,20180202,1,-1,1,1,-1,-1,-1,0,0,-1,1,-1
,CD,20180202,1,-1,-1,1,1,1,1,-1,-1,1,1,-1
,CL,20180202,1,-1,-1,1,1,-1,1,0,1,0,-1,-1
,CU,20180202,1,-1,1,1,-1,1,1,1,0,-1,1,1
,EMD,20180202,1,-1,-1,-1,1,1,-1,-1,-1,1,1,-1
,ES,20180202,1,-1,-1,-1,1,1,-1,-1,-1,1,1,-1
,FC,20180202,1,-1,1,1,-1,-1,-1,0,-1,1,1,1
,FV,20180202,-1,1,-1,-1,1,1,1,0,-1,1,1,1
,GC,20180202,-1,1,-1,-1,1,1,-1,1,0,0,0,1
,HG,20180202,1,-1,-1,1,-1,1,-1,0,1,1,-1,-1
,HO,20180202,1,-1,-1,-1,1,1,-1,0,0,-1,1,-1
,JY,20180202,-1,1,-1,1,1,1,1,-1,0,0,0,1
,LC,20180202,1,-1,1,1,-1,-1,-1,0,1,-1,-1,-1
,LH,20180202,1,-1,-1,-1,1,-1,-1,0,0,1,0,-1
,MP,20180202,1,-1,1,1,-1,1,1,-1,0,-1,0,-1
,NE,20180202,1,-1,-1,1,1,1,-1,1,0,0,0,1
,NG,20180202,1,-1,-1,-1,1,1,-1,1,0,0,-1,-1
,NIY,20180202,1,-1,-1,-1,1,1,-1,-1,-1,1,1,1
,NQ,20180202,1,-1,-1,-1,1,1,-1,-1,-1,1,1,-1
,PA,20180202,1,-1,-1,-1,1,-1,-1,0,0,-1,0,-1
,PL,20180202,-1,1,-1,-1,1,1,-1,1,0,0,0,-1
,RB,20180202,1,-1,-1,1,-1,1,-1,0,0,-1,-1,-1
,S,20180202,1,-1,-1,1,1,1,1,0,-1,0,0,-1
,SF,20180202,1,-1,1,1,-1,-1,1,-1,-1,1,1,1
,SI,20180202,-1,1,-1,-1,1,1,1,-1,-1,1,1,-1
,SM,20180202,1,-1,-1,-1,1,1,1,0,-1,0,0,1
,TU,20180202,-1,1,-1,-1,1,1,1,0,-1,1,1,1
,TY,20180202,-1,1,-1,-1,1,1,1,-1,-1,1,1,1
,US,20180202,-1,1,-1,-1,1,1,-1,0,0,1,1,1
,W,20180202,1,-1,1,1,-1,1,-1,-1,-1,1,1,-1
,YM,20180202,1,-1,-1,-1,1,1,-1,-1,-1,1,1,-1
,CC,20180202,1,-1,1,1,-1,-1,-1,0,0,-1,-1,-1
,CT,20180202,1,-1,-1,-1,1,-1,-1,-1,0,0,0,-1
,KC,20180202,1,-1,-1,-1,1,1,-1,0,-1,0,0,1
,SB,20180202,1,-1,1,1,1,-1,-1,1,1,-1,-1,1
,VX,20180202,-1,1,1,1,-1,-1,-1,1,1,-1,-1,1
,AD,20180205,1,-1,-1,-1,1,1,-1,-1,-1,1,1,-1
,BO,20180205,1,-1,-1,1,1,-1,-1,0,1,1,-1,-1
,BP,20180205,1,-1,-1,1,1,1,-1,-1,-1,1,1,1
,C,20180205,1,-1,1,1,-1,1,1,0,0,-1,1,-1
,CD,20180205,1,-1,-1,-1,1,1,-1,-1,-1,1,1,-1
,CL,20180205,1,-1,-1,1,1,1,-1,-1,0,0,0,-1
,CU,20180205,1,-1,1,1,-1,1,1,0,0,-1,0,1
,EMD,20180205,1,-1,-1,-1,1,1,-1,-1,-1,1,1,-1
,ES,20180205,1,-1,-1,-1,1,1,-1,-1,-1,1,1,-1
,FC,20180205,1,-1,1,1,-1,-1,-1,0,-1,0,0,1
,FV,20180205,-1,1,-1,-1,-1,-1,-1,1,1,-1,-1,1
,GC,20180205,-1,1,-1,-1,1,1,1,-1,0,0,0,1
,HG,20180205,1,-1,1,1,-1,-1,-1,0,0,1,1,-1
,HO,20180205,1,-1,-1,-1,1,1,-1,-1,0,0,0,-1
,JY,20180205,-1,1,-1,1,1,1,-1,0,0,0,-1,1
,LC,20180205,1,-1,1,1,-1,-1,1,0,-1,-1,-1,-1
,LH,20180205,1,-1,-1,-1,1,-1,-1,0,1,-1,-1,-1
,MP,20180205,1,-1,-1,1,1,1,1,-1,0,0,0,-1
,NE,20180205,1,-1,-1,-1,1,1,1,-1,0,0,0,1
,NG,20180205,1,-1,-1,-1,1,1,-1,0,1,0,0,-1
,NIY,20180205,1,-1,-1,-1,1,1,-1,-1,-1,1,1,-1
,NQ,20180205,1,-1,-1,-1,1,1,-1,-1,-1,1,1,-1
,PA,20180205,1,-1,-1,-1,-1,-1,-1,0,0,0,1,-1
,PL,20180205,-1,1,-1,-1,1,1,-1,1,0,0,0,-1
,RB,20180205,1,-1,-1,-1,1,1,-1,-1,0,0,0,-1
,S,20180205,1,-1,-1,-1,1,1,-1,0,-1,0,-1,-1
,SF,20180205,1,-1,1,1,1,1,1,-1,0,0,0,1
,SI,20180205,-1,1,-1,-1,1,1,1,1,0,1,0,-1
,SM,20180205,1,-1,-1,-1,1,1,1,0,0,1,-1,-1
,TU,20180205,-1,1,1,1,-1,-1,1,1,1,-1,-1,1
,TY,20180205,-1,1,-1,-1,-1,-1,-1,1,1,-1,-1,1
,US,20180205,-1,1,-1,-1,1,-1,-1,0,0,1,1,1
,W,20180205,1,-1,-1,1,1,1,1,-1,-1,1,1,1
,YM,20180205,1,-1,-1,-1,1,1,-1,-1,-1,1,1,-1
,CC,20180205,1,-1,1,1,-1,-1,1,-1,-1,1,1,-1
,CT,20180205,1,-1,-1,-1,1,1,-1,-1,0,0,0,-1
,KC,20180205,1,-1,-1,-1,1,1,-1,0,0,0,0,1
,SB,20180205,1,-1,1,1,-1,-1,-1,1,1,-1,-1,1
,VX,20180205,-1,1,1,1,-1,-1,1,1,1,-1,-1,1
,AD,20180206,1,-1,-1,-1,1,1,1,-1,-1,1,1,-1
,BO,20180206,1,-1,1,1,-1,-1,-1,0,-1,0,1,-1
,BP,20180206,1,-1,-1,-1,1,1,-1,-1,0,0,0,1
,C,20180206,1,-1,1,1,-1,-1,-1,0,0,0,0,-1
,CD,20180206,1,-1,-1,-1,1,1,1,-1,-1,1,1,-1
,CL,20180206,1,-1,-1,-1,1,1,1,-1,-1,1,1,-1
,CU,20180206,1,-1,-1,1,-1,1,-1,-1,0,0,0,1
,EMD,20180206,1,-1,-1,-1,-1,-1,-1,-1,-1,1,1,-1
,ES,20180206,1,-1,-1,-1,-1,-1,-1,-1,-1,1,1,-1
,FC,20180206,1,-1,1,1,-1,-1,-1,0,0,-1,0,1
,FV,20180206,-1,1,-1,-1,-1,-1,-1,1,1,-1,-1,1
,GC,20180206,-1,1,-1,-1,1,1,-1,-1,0,0,0,1
,HG,20180206,1,-1,1,1,1,1,1,-1,0,1,0,-1
,HO,20180206,1,-1,-1,-1,1,1,-1,-1,0,0,0,-1
,JY,20180206,-1,1,-1,1,-1,-1,-1,0,0,-1,-1,1
,LC,20180206,1,-1,1,-1,-1,-1,-1,0,0,-1,-1,-1
,LH,20180206,1,-1,-1,-1,1,1,1,-1,0,0,0,-1
,MP,20180206,1,-1,1,1,1,1,-1,1,0,1,0,-1
,NE,20180206,1,-1,-1,-1,1,1,-1,1,0,0,0,1
,NG,20180206,1,-1,-1,-1,1,1,-1,1,1,-1,-1,-1
,NIY,20180206,1,-1,-1,-1,-1,-1,-1,-1,-1,1,1,-1
,NQ,20180206,1,-1,-1,-1,-1,-1,-1,-1,-1,1,1,-1
,PA,20180206,1,-1,-1,-1,1,1,1,-1,-1,1,1,-1
,PL,20180206,-1,1,-1,-1,1,1,-1,-1,0,1,0,-1
,RB,20180206,1,-1,-1,-1,1,1,-1,-1,0,0,0,-1
,S,20180206,1,-1,-1,1,-1,-1,-1,1,1,-1,-1,-1
,SF,20180206,1,-1,-1,1,1,1,-1,0,1,0,0,1
,SI,20180206,-1,1,-1,-1,1,1,1,0,0,1,1,1
,SM,20180206,1,-1,-1,-1,1,1,-1,0,0,1,-1,-1
,TU,20180206,-1,1,1,-1,-1,-1,1,-1,-1,1,1,1
,TY,20180206,-1,1,-1,-1,-1,-1,-1,1,0,0,0,1
,US,20180206,-1,1,-1,-1,1,-1,-1,0,0,1,1,1
,W,20180206,1,-1,-1,1,1,1,-1,1,1,-1,-1,1
,YM,20180206,1,-1,-1,-1,-1,-1,-1,-1,-1,1,1,-1
,CC,20180206,1,-1,1,1,-1,-1,1,0,0,-1,-1,-1
,CT,20180206,1,-1,-1,-1,1,1,-1,-1,0,0,0,-1
,KC,20180206,1,-1,1,1,1,-1,-1,0,0,0,0,1
,SB,20180206,1,-1,1,1,-1,-1,1,-1,-1,1,1,1
,VX,20180206,-1,1,1,1,1,1,1,1,-1,0,0,1
,AD,20180207,1,-1,-1,-1,1,1,1,0,0,0,0,-1
,BO,20180207,1,-1,-1,-1,1,1,1,0,1,0,-1,-1
,BP,20180207,1,-1,-1,-1,1,1,-1,-1,0,0,0,1
,C,20180207,1,-1,1,1,-1,-1,-1,0,-1,-1,-1,-1
,CD,20180207,1,-1,-1,-1,1,1,-1,0,0,0,0,-1
,CL,20180207,1,-1,-1,-1,1,1,-1,-1,-1,1,1,-1
,CU,20180207,1,-1,-1,-1,1,1,-1,-1,0,0,0,1
,EMD,20180207,1,-1,-1,-1,-1,-1,-1,-1,-1,1,1,-1
,ES,20180207,1,-1,-1,-1,1,1,1,-1,-1,1,1,-1
,FC,20180207,1,-1,1,1,-1,-1,1,0,0,-1,-1,1
,FV,20180207,-1,1,-1,-1,-1,1,1,-1,-1,1,1,1
,GC,20180207,-1,1,-1,-1,1,1,-1,-1,1,0,0,1
,HG,20180207,1,-1,-1,-1,1,1,-1,0,0,0,0,-1
,HO,20180207,1,-1,-1,-1,1,1,-1,-1,-1,1,1,-1
,JY,20180207,-1,1,-1,-1,-1,-1,-1,0,1,0,-1,1
,LC,20180207,1,-1,1,-1,-1,-1,1,0,0,0,-1,-1
,LH,20180207,1,-1,-1,-1,1,1,1,-1,-1,1,1,-1
,MP,20180207,1,-1,-1,-1,1,1,-1,-1,0,0,0,-1
,NE,20180207,1,-1,-1,-1,1,1,-1,-1,0,1,0,1
,NG,20180207,1,-1,-1,-1,1,1,1,-1,-1,1,1,-1
,NIY,20180207,1,-1,-1,-1,1,1,-1,-1,-1,1,1,-1
,NQ,20180207,1,-1,-1,-1,1,1,-1,-1,-1,1,1,-1
,PA,20180207,1,-1,-1,-1,1,1,-1,-1,-1,1,1,-1
,PL,20180207,-1,1,-1,-1,1,1,1,-1,0,0,0,-1
,RB,20180207,1,-1,-1,-1,1,1,-1,-1,1,0,0,-1
,S,20180207,1,-1,-1,-1,-1,-1,1,0,-1,-1,1,-1
,SF,20180207,1,-1,-1,1,1,1,-1,-1,0,0,0,1
,SI,20180207,-1,1,-1,-1,1,1,-1,-1,-1,1,1,1
,SM,20180207,1,-1,-1,-1,-1,-1,-1,0,0,0,1,-1
,TU,20180207,-1,1,1,-1,1,1,1,-1,-1,1,1,1
,TY,20180207,-1,1,-1,-1,1,1,1,1,0,0,0,1
,US,20180207,-1,1,-1,-1,1,1,1,0,0,1,0,1
,W,20180207,1,-1,1,1,-1,-1,-1,1,1,-1,-1,1
,YM,20180207,1,-1,-1,-1,-1,-1,-1,-1,-1,1,1,-1
,CC,20180207,1,-1,1,1,-1,1,-1,0,1,0,0,-1
,CT,20180207,1,-1,-1,-1,1,1,-1,-1,1,1,0,-1
,KC,20180207,1,-1,1,1,1,-1,-1,0,0,0,0,1
,SB,20180207,1,-1,1,1,-1,-1,-1,1,1,-1,-1,1
,VX,20180207,-1,1,1,1,1,1,1,0,1,-1,-1,1
,AD,20180208,1,-1,-1,-1,1,1,1,-1,-1,1,1,-1
,BO,20180208,1,-1,-1,-1,1,1,1,-1,-1,1,1,-1
,BP,20180208,1,-1,-1,-1,1,1,-1,-1,1,0,1,1
,C,20180208,1,-1,1,1,-1,-1,-1,0,0,-1,-1,-1
,CD,20180208,1,-1,-1,-1,1,1,1,-1,0,0,0,-1
,CL,20180208,1,-1,-1,-1,1,1,-1,-1,-1,1,1,-1
,CU,20180208,1,-1,-1,-1,1,1,1,-1,1,0,0,1
,EMD,20180208,1,-1,-1,-1,1,1,-1,-1,-1,1,1,-1
,ES,20180208,1,-1,-1,-1,1,1,1,-1,-1,1,1,-1
,FC,20180208,1,-1,-1,1,-1,1,1,-1,0,1,0,1
,FV,20180208,-1,1,1,-1,1,1,1,-1,-1,1,1,1
,GC,20180208,-1,1,-1,-1,1,1,-1,0,0,0,1,1
,HG,20180208,1,-1,-1,-1,1,1,1,1,-1,0,0,-1
,HO,20180208,1,-1,-1,-1,1,1,-1,-1,-1,1,1,-1
,JY,20180208,-1,1,1,1,-1,-1,-1,0,0,-1,-1,1
,LC,20180208,1,-1,-1,1,-1,-1,1,0,-1,0,0,-1
,LH,20180208,1,-1,-1,-1,1,1,-1,0,1,1,1,-1
,MP,20180208,1,-1,-1,-1,1,1,1,1,0,0,0,-1
,NE,20180208,1,-1,-1,-1,1,1,1,-1,0,0,0,1
,NG,20180208,1,-1,-1,-1,1,1,1,-1,-1,1,1,-1
,NIY,20180208,1,-1,-1,-1,1,1,1,-1,-1,1,1,-1
,NQ,20180208,1,-1,-1,-1,1,1,-1,-1,-1,1,1,-1
,PA,20180208,1,-1,-1,-1,1,1,1,-1,-1,1,1,-1
,PL,20180208,-1,1,-1,-1,1,1,1,-1,0,0,0,-1
,RB,20180208,1,-1,-1,-1,1,1,1,-1,-1,0,0,-1
,S,20180208,1,-1,1,-1,-1,-1,-1,0,0,-1,0,-1
,SF,20180208,1,-1,-1,1,1,-1,-1,0,1,1,0,1
,SI,20180208,-1,1,-1,-1,1,1,-1,0,-1,1,0,1
,SM,20180208,1,-1,1,1,-1,-1,-1,0,0,0,-1,-1
,TU,20180208,-1,1,1,-1,1,1,1,1,1,-1,-1,1
,TY,20180208,-1,1,-1,-1,1,1,1,0,0,1,1,1
,US,20180208,-1,1,-1,-1,1,1,-1,-1,-1,1,1,1
,W,20180208,1,-1,1,1,-1,-1,-1,-1,-1,1,1,1
,YM,20180208,1,-1,-1,-1,1,1,1,-1,-1,1,1,-1
,CC,20180208,1,-1,1,1,-1,1,-1,0,0,-1,1,-1
,CT,20180208,1,-1,-1,-1,1,1,-1,-1,0,-1,0,-1
,KC,20180208,1,-1,1,-1,1,-1,1,1,1,1,0,1
,SB,20180208,1,-1,1,1,-1,-1,-1,-1,-1,1,1,1
,VX,20180208,-1,1,1,1,-1,-1,-1,1,0,-1,0,1
,AD,20180209,1,-1,-1,-1,1,1,1,-1,-1,1,1,-1
,BO,20180209,1,-1,-1,-1,1,1,-1,1,0,0,0,-1
,BP,20180209,1,-1,-1,-1,1,1,-1,-1,0,0,0,1
,C,20180209,1,-1,1,1,-1,1,1,-1,0,-1,0,-1
,CD,20180209,1,-1,-1,-1,1,1,1,-1,-1,1,1,-1
,CL,20180209,1,-1,-1,-1,1,1,-1,-1,-1,1,1,-1
,CU,20180209,1,-1,-1,-1,1,1,-1,-1,1,0,0,1
,EMD,20180209,1,-1,-1,-1,-1,-1,-1,0,0,0,1,-1
,ES,20180209,1,-1,-1,-1,-1,-1,-1,0,0,-1,-1,-1
,FC,20180209,1,-1,-1,-1,1,1,1,-1,0,1,0,1
,FV,20180209,-1,1,1,-1,-1,-1,-1,1,1,-1,-1,1
,GC,20180209,-1,1,-1,-1,1,1,1,-1,-1,0,0,1
,HG,20180209,1,-1,-1,-1,1,1,-1,0,0,1,1,-1
,HO,20180209,1,-1,-1,-1,1,1,1,-1,-1,1,1,-1
,JY,20180209,-1,1,1,1,-1,-1,-1,0,0,-1,-1,1
,LC,20180209,1,-1,-1,-1,-1,1,-1,-1,1,-1,0,-1
,LH,20180209,1,-1,-1,-1,1,1,1,0,0,1,0,-1
,MP,20180209,1,-1,-1,-1,1,1,-1,0,1,0,0,-1
,NE,20180209,1,-1,-1,-1,1,1,-1,0,0,0,-1,1
,NG,20180209,1,-1,-1,-1,1,1,1,-1,-1,1,1,-1
,NIY,20180209,1,-1,-1,-1,1,1,-1,0,1,1,0,-1
,NQ,20180209,1,-1,-1,-1,-1,-1,-1,0,0,0,-1,-1
,PA,20180209,1,-1,-1,-1,1,1,-1,1,1,-1,-1,-1
,PL,20180209,-1,1,-1,-1,1,1,1,0,0,0,1,-1
,RB,20180209,1,-1,-1,-1,1,1,1,0,1,0,-1,-1
,S,20180209,1,-1,1,-1,-1,-1,-1,0,1,-1,-1,-1
,SF,20180209,1,-1,-1,-1,1,-1,-1,0,1,1,-1,1
,SI,20180209,-1,1,-1,-1,1,1,1,0,-1,1,0,1
,SM,20180209,1,-1,1,1,-1,-1,-1,0,0,-1,-1,-1
,TU,20180209,-1,1,1,1,-1,-1,1,1,1,-1,-1,1
,TY,20180209,-1,1,1,-1,1,1,-1,-1,0,0,0,1
,US,20180209,-1,1,-1,-1,1,1,-1,0,0,1,1,1
,W,20180209,1,-1,1,1,1,-1,-1,-1,-1,1,1,1
,YM,20180209,1,-1,-1,-1,-1,-1,-1,0,0,-1,-1,-1
,CC,20180209,1,-1,-1,1,-1,1,-1,-1,1,0,0,-1
,CT,20180209,1,-1,-1,-1,1,1,-1,1,1,0,0,-1
,KC,20180209,1,-1,1,-1,1,-1,1,1,0,0,0,1
,SB,20180209,1,-1,1,1,-1,-1,-1,0,0,1,-1,1
,VX,20180209,-1,1,1,1,1,1,1,1,0,0,0,1
