1,AD,20171229,1,-1,1,1,-1,-1,-1,1,0,0,0,-1
2,BO,20171229,1,-1,1,-1,-1,-1,-1,1,1,-1,-1,1
3,BP,20171229,1,-1,1,1,-1,-1,-1,1,0,-1,0,-1
4,C,20171229,1,-1,-1,1,1,-1,1,1,0,0,0,-1
5,CD,20171229,1,-1,1,1,-1,-1,-1,1,1,-1,-1,-1
6,CL,20171229,1,-1,1,1,-1,-1,-1,0,0,-1,-1,1
7,CU,20171229,1,-1,1,1,-1,-1,-1,0,0,0,0,1
8,EMD,20171229,1,-1,-1,1,-1,-1,-1,1,0,-1,0,1
9,ES,20171229,1,-1,-1,1,1,1,-1,1,0,0,0,1
10,FC,20171229,1,-1,1,-1,-1,-1,-1,0,0,0,-1,-1
11,FV,20171229,-1,1,1,-1,1,1,-1,0,0,1,0,-1
12,GC,20171229,-1,1,1,1,-1,-1,-1,0,1,-1,-1,-1
13,HG,20171229,1,-1,1,1,-1,-1,-1,-1,0,-1,-1,1
14,HO,20171229,1,-1,1,1,-1,-1,-1,0,0,-1,-1,1
15,JY,20171229,-1,1,1,-1,1,-1,-1,-1,1,0,0,1
16,LC,20171229,1,-1,1,1,-1,-1,-1,0,1,-1,-1,-1
17,LH,20171229,1,-1,1,1,-1,-1,-1,0,0,-1,-1,1
18,MP,20171229,1,-1,-1,-1,-1,-1,1,-1,0,0,0,-1
19,NE,20171229,1,-1,1,1,-1,-1,-1,0,0,-1,-1,-1
20,NG,20171229,1,-1,1,1,-1,-1,-1,1,1,-1,-1,-1
21,NIY,20171229,1,-1,-1,1,-1,-1,-1,-1,0,0,0,1
22,NQ,20171229,1,-1,-1,-1,1,1,-1,-1,0,0,0,1
23,PA,20171229,1,-1,1,1,-1,-1,-1,0,1,-1,-1,-1
24,PL,20171229,-1,1,1,1,-1,-1,-1,0,0,0,-1,-1
25,RB,20171229,1,-1,1,1,-1,-1,-1,0,0,-1,-1,-1
26,S,20171229,1,-1,1,-1,1,1,-1,0,-1,1,0,1
27,SF,20171229,1,-1,1,1,-1,-1,-1,1,0,0,0,1
28,SI,20171229,-1,1,1,1,-1,-1,-1,0,1,-1,1,-1
29,SM,20171229,1,-1,-1,-1,1,1,-1,1,0,1,0,1
30,TU,20171229,-1,1,1,-1,1,1,-1,1,1,-1,-1,-1
31,TY,20171229,-1,1,1,-1,-1,-1,-1,1,0,0,0,1
32,US,20171229,-1,1,1,-1,-1,-1,-1,0,0,0,-1,1
33,W,20171229,1,-1,1,1,-1,-1,1,0,0,-1,-1,-1
34,YM,20171229,1,-1,-1,1,-1,-1,1,-1,0,-1,0,1
35,CC,20171229,1,-1,-1,-1,-1,-1,1,1,0,0,0,-1
36,CT,20171229,1,-1,1,1,-1,-1,-1,-1,-1,1,1,-1
37,KC,20171229,1,-1,1,1,-1,-1,-1,0,0,0,-1,-1
38,SB,20171229,1,-1,1,1,-1,-1,-1,1,1,-1,-1,-1
39,VX,20171229,-1,1,1,-1,1,-1,1,1,0,0,0,-1
40,AD,20180102,1,-1,1,1,-1,-1,-1,1,1,0,-1,-1
41,BO,20180102,1,-1,1,1,-1,-1,-1,1,0,0,0,1
42,BP,20180102,1,-1,1,1,-1,-1,-1,0,1,-1,-1,1
43,C,20180102,1,-1,1,1,-1,-1,-1,1,0,0,0,-1
44,CD,20180102,1,-1,1,1,-1,-1,-1,1,1,-1,-1,1
45,CL,20180102,1,-1,1,1,-1,-1,-1,-1,-1,1,1,1
46,CU,20180102,1,-1,1,1,-1,-1,-1,0,0,0,1,1
47,EMD,20180102,1,-1,1,1,-1,-1,-1,1,1,-1,-1,1
48,ES,20180102,1,-1,1,1,-1,-1,-1,1,1,-1,-1,1
49,FC,20180102,1,-1,1,1,-1,-1,-1,1,1,-1,-1,-1
50,FV,20180102,-1,1,1,-1,-1,1,1,0,0,1,0,-1
51,GC,20180102,-1,1,1,1,-1,-1,-1,0,1,-1,-1,-1
52,HG,20180102,1,-1,1,1,-1,1,1,-1,-1,1,1,1
53,HO,20180102,1,-1,1,1,-1,-1,1,0,0,-1,-1,1
54,JY,20180102,-1,1,1,1,-1,1,-1,0,0,0,-1,-1
55,LC,20180102,1,-1,1,1,-1,-1,-1,0,1,-1,-1,-1
56,LH,20180102,1,-1,1,1,-1,-1,-1,0,0,-1,-1,-1
57,MP,20180102,1,-1,1,-1,-1,-1,-1,1,1,-1,-1,-1
58,NE,20180102,1,-1,1,1,-1,-1,-1,0,0,-1,-1,1
59,NG,20180102,1,-1,1,1,-1,-1,-1,1,1,-1,-1,1
60,NIY,20180102,1,-1,-1,1,-1,-1,-1,1,1,-1,-1,1
61,NQ,20180102,1,-1,1,1,-1,-1,-1,1,1,-1,-1,1
62,PA,20180102,1,-1,1,1,-1,-1,-1,0,-1,-1,-1,-1
63,PL,20180102,-1,1,1,1,-1,-1,-1,0,0,0,-1,-1
64,RB,20180102,1,-1,-1,1,-1,-1,1,0,0,1,1,1
65,S,20180102,1,-1,1,-1,1,1,-1,0,0,0,1,-1
66,SF,20180102,1,-1,1,1,-1,-1,-1,1,0,0,0,1
67,SI,20180102,-1,1,1,1,-1,-1,-1,0,1,-1,-1,-1
68,SM,20180102,1,-1,1,-1,1,1,-1,1,1,0,0,-1
69,TU,20180102,-1,1,-1,-1,1,1,1,-1,-1,1,1,-1
70,TY,20180102,-1,1,1,-1,-1,-1,1,-1,0,0,0,-1
71,US,20180102,-1,1,1,-1,-1,-1,-1,1,0,0,0,1
72,W,20180102,1,-1,1,1,-1,-1,-1,1,0,-1,0,1
73,YM,20180102,1,-1,1,1,-1,1,-1,1,1,-1,-1,1
74,CC,20180102,1,-1,1,1,-1,-1,-1,1,0,0,0,-1
75,CT,20180102,1,-1,-1,1,1,1,1,-1,-1,1,1,-1
76,KC,20180102,1,-1,1,1,-1,-1,-1,1,1,-1,-1,-1
77,SB,20180102,1,-1,1,1,-1,-1,-1,1,0,0,0,1
78,VX,20180102,-1,1,-1,-1,1,1,1,0,-1,0,1,-1
79,AD,20180103,1,-1,1,1,-1,-1,-1,0,0,0,0,-1
80,BO,20180103,1,-1,1,1,-1,-1,-1,1,0,0,0,1
81,BP,20180103,1,-1,1,1,-1,-1,-1,0,0,-1,1,1
82,C,20180103,1,-1,1,1,-1,-1,1,1,0,0,0,-1
83,CD,20180103,1,-1,1,1,-1,-1,-1,1,1,0,0,1
84,CL,20180103,1,-1,1,1,-1,-1,-1,1,1,-1,-1,1
85,CU,20180103,1,-1,1,1,-1,-1,-1,1,0,0,0,1
86,EMD,20180103,1,-1,1,1,-1,-1,-1,1,1,-1,-1,1
87,ES,20180103,1,-1,1,1,-1,-1,-1,1,1,-1,-1,1
88,FC,20180103,1,-1,1,1,-1,-1,-1,-1,-1,1,1,-1
89,FV,20180103,-1,1,1,-1,-1,1,-1,-1,1,1,1,-1
90,GC,20180103,-1,1,1,1,-1,-1,-1,0,1,-1,-1,-1
91,HG,20180103,1,-1,-1,1,1,1,1,-1,0,0,0,1
92,HO,20180103,1,-1,1,1,-1,-1,-1,0,0,-1,-1,1
93,JY,20180103,-1,1,1,-1,-1,-1,1,0,0,0,0,-1
94,LC,20180103,1,-1,1,1,-1,-1,-1,0,-1,-1,-1,-1
95,LH,20180103,1,-1,-1,1,-1,-1,-1,0,0,1,-1,-1
96,MP,20180103,1,-1,1,-1,-1,-1,-1,-1,0,0,0,-1
97,NE,20180103,1,-1,1,1,-1,-1,-1,0,1,0,0,1
98,NG,20180103,1,-1,1,1,-1,-1,1,-1,-1,1,1,1
99,NIY,20180103,1,-1,1,1,-1,-1,-1,1,1,-1,-1,1
100,NQ,20180103,1,-1,1,1,-1,-1,-1,1,1,-1,-1,1
101,PA,20180103,1,-1,1,1,-1,-1,1,1,0,-1,0,-1
102,PL,20180103,-1,1,1,1,-1,-1,-1,0,0,-1,-1,-1
103,RB,20180103,1,-1,1,1,-1,-1,-1,0,0,0,0,1
104,S,20180103,1,-1,-1,-1,1,-1,-1,1,-1,0,0,-1
105,SF,20180103,1,-1,1,1,-1,-1,1,1,0,0,0,1
106,SI,20180103,-1,1,1,1,-1,-1,-1,0,0,-1,-1,-1
107,SM,20180103,1,-1,-1,-1,1,1,-1,0,0,0,0,-1
108,TU,20180103,-1,1,-1,-1,1,1,1,-1,-1,1,1,-1
109,TY,20180103,-1,1,1,-1,-1,-1,-1,1,1,-1,-1,-1
110,US,20180103,-1,1,1,-1,-1,-1,-1,1,1,-1,-1,1
111,W,20180103,1,-1,1,1,-1,-1,-1,-1,0,0,0,1
112,YM,20180103,1,-1,1,1,-1,-1,-1,1,1,-1,-1,1
113,CC,20180103,1,-1,1,-1,-1,-1,1,-1,-1,1,1,-1
114,CT,20180103,1,-1,1,1,1,1,-1,1,1,-1,-1,-1
115,KC,20180103,1,-1,1,1,-1,-1,-1,1,0,0,0,-1
116,SB,20180103,1,-1,1,1,-1,-1,1,0,1,-1,0,1
117,VX,20180103,-1,1,-1,-1,1,1,1,0,0,-1,0,-1
118,AD,20180104,1,-1,1,1,-1,-1,-1,0,0,0,-1,-1
119,BO,20180104,1,-1,1,1,-1,-1,1,0,0,0,0,1
120,BP,20180104,1,-1,1,1,-1,-1,-1,0,0,0,0,1
121,C,20180104,1,-1,-1,1,-1,-1,-1,1,0,0,0,-1
122,CD,20180104,1,-1,1,1,-1,-1,-1,1,-1,0,0,1
123,CL,20180104,1,-1,1,1,-1,-1,-1,1,1,-1,-1,1
124,CU,20180104,1,-1,1,1,-1,-1,-1,0,0,-1,-1,1
125,EMD,20180104,1,-1,1,1,-1,-1,-1,1,1,-1,-1,1
126,ES,20180104,1,-1,1,1,-1,-1,-1,1,1,-1,-1,1
127,FC,20180104,1,-1,1,1,-1,-1,1,-1,-1,1,1,-1
128,FV,20180104,-1,1,-1,-1,1,1,1,-1,0,1,0,-1
129,GC,20180104,-1,1,1,1,-1,-1,-1,0,0,-1,-1,-1
130,HG,20180104,1,-1,-1,1,1,1,-1,-1,0,0,0,1
131,HO,20180104,1,-1,1,1,-1,-1,-1,0,1,-1,-1,1
132,JY,20180104,-1,1,1,-1,-1,-1,-1,-1,0,0,0,-1
133,LC,20180104,1,-1,1,1,-1,-1,1,0,-1,-1,-1,-1
134,LH,20180104,1,-1,1,1,-1,-1,-1,0,1,0,1,-1
135,MP,20180104,1,-1,1,-1,-1,-1,-1,0,0,0,0,-1
136,NE,20180104,1,-1,1,1,-1,-1,-1,0,0,0,-1,1
137,NG,20180104,1,-1,1,1,-1,1,1,-1,-1,1,1,-1
138,NIY,20180104,1,-1,1,1,-1,-1,-1,1,1,-1,-1,1
139,NQ,20180104,1,-1,1,1,-1,-1,-1,1,1,-1,-1,1
140,PA,20180104,1,-1,1,1,-1,-1,-1,0,0,-1,-1,-1
141,PL,20180104,-1,1,1,1,-1,-1,-1,0,1,0,-1,-1
142,RB,20180104,1,-1,1,1,-1,-1,-1,-1,0,-1,0,1
143,S,20180104,1,-1,1,1,1,-1,1,1,0,0,0,-1
144,SF,20180104,1,-1,1,1,-1,-1,-1,1,0,0,0,1
145,SI,20180104,-1,1,1,1,-1,-1,-1,0,1,-1,-1,-1
146,SM,20180104,1,-1,1,1,1,-1,-1,-1,1,0,0,-1
147,TU,20180104,-1,1,-1,-1,1,1,1,-1,-1,1,1,-1
148,TY,20180104,-1,1,-1,-1,-1,-1,-1,0,0,0,-1,-1
149,US,20180104,-1,1,-1,1,-1,-1,-1,0,0,-1,-1,1
150,W,20180104,1,-1,1,1,-1,-1,-1,-1,1,0,0,1
151,YM,20180104,1,-1,1,1,-1,-1,-1,1,1,-1,-1,1
152,CC,20180104,1,-1,1,-1,-1,-1,1,-1,-1,1,1,-1
153,CT,20180104,1,-1,1,1,-1,-1,-1,1,1,-1,-1,-1
154,KC,20180104,1,-1,1,1,-1,-1,-1,-1,0,0,0,-1
155,SB,20180104,1,-1,1,1,-1,-1,-1,0,0,0,-1,1
156,VX,20180104,-1,1,-1,-1,1,1,1,1,-1,1,0,-1
157,AD,20180105,1,-1,1,1,-1,-1,-1,1,0,0,0,-1
158,BO,20180105,1,-1,1,1,-1,-1,1,-1,0,0,0,1
159,BP,20180105,1,-1,1,1,-1,-1,-1,0,0,-1,-1,1
160,C,20180105,1,-1,-1,1,-1,1,-1,1,0,-1,0,-1
161,CD,20180105,1,-1,1,1,-1,-1,-1,1,1,-1,-1,1
162,CL,20180105,1,-1,1,1,-1,-1,-1,-1,-1,1,1,1
163,CU,20180105,1,-1,1,1,-1,-1,1,0,0,0,1,1
164,EMD,20180105,1,-1,1,1,-1,-1,-1,1,1,-1,-1,1
165,ES,20180105,1,-1,1,1,-1,-1,-1,1,1,-1,-1,1
166,FC,20180105,1,-1,-1,1,1,1,-1,-1,-1,1,1,-1
167,FV,20180105,-1,1,-1,-1,1,1,1,0,0,1,1,-1
168,GC,20180105,-1,1,1,1,-1,-1,-1,0,0,-1,-1,-1
169,HG,20180105,1,-1,-1,1,1,1,1,-1,0,0,0,1
170,HO,20180105,1,-1,1,1,-1,-1,-1,-1,0,0,0,1
171,JY,20180105,-1,1,-1,1,-1,1,-1,-1,0,1,0,-1
172,LC,20180105,1,-1,-1,1,1,1,1,0,-1,0,0,-1
173,LH,20180105,1,-1,-1,1,-1,-1,-1,0,1,-1,-1,-1
174,MP,20180105,1,-1,1,1,-1,-1,-1,0,0,0,0,-1
175,NE,20180105,1,-1,1,1,-1,-1,-1,0,0,-1,-1,1
176,NG,20180105,1,-1,-1,1,1,1,1,0,0,1,1,-1
177,NIY,20180105,1,-1,1,1,-1,-1,-1,1,1,-1,-1,1
178,NQ,20180105,1,-1,1,1,-1,-1,-1,1,1,-1,-1,1
179,PA,20180105,1,-1,1,1,-1,-1,-1,-1,0,-1,0,-1
180,PL,20180105,-1,1,1,1,-1,-1,-1,0,1,0,-1,-1
181,RB,20180105,1,-1,-1,1,-1,-1,-1,0,0,-1,-1,1
182,S,20180105,1,-1,1,1,1,-1,-1,1,0,0,0,-1
183,SF,20180105,1,-1,1,1,-1,-1,1,0,1,0,1,1
184,SI,20180105,-1,1,1,1,-1,-1,-1,0,0,-1,-1,-1
185,SM,20180105,1,-1,1,1,-1,-1,-1,0,0,0,1,-1
186,TU,20180105,-1,1,-1,-1,1,1,1,-1,-1,1,1,-1
187,TY,20180105,-1,1,-1,1,1,1,1,-1,0,0,0,-1
188,US,20180105,-1,1,-1,1,-1,-1,1,-1,0,0,0,1
189,W,20180105,1,-1,1,1,-1,1,-1,0,0,0,0,1
190,YM,20180105,1,-1,1,1,-1,-1,-1,1,1,-1,-1,1
191,CC,20180105,1,-1,-1,-1,-1,-1,1,-1,-1,1,1,-1
192,CT,20180105,1,-1,-1,1,-1,1,-1,-1,-1,1,1,-1
193,KC,20180105,1,-1,1,1,-1,-1,1,-1,0,-1,0,-1
194,SB,20180105,1,-1,1,1,-1,1,-1,-1,0,0,0,1
195,VX,20180105,-1,1,-1,-1,1,1,1,0,-1,1,1,-1
196,AD,20180108,1,-1,1,1,-1,1,-1,1,0,0,0,-1
197,BO,20180108,1,-1,1,1,-1,-1,-1,1,0,0,0,1
198,BP,20180108,1,-1,1,1,-1,-1,1,0,0,-1,-1,1
199,C,20180108,1,-1,-1,-1,-1,1,-1,-1,0,0,0,-1
200,CD,20180108,1,-1,1,1,-1,-1,1,0,0,0,-1,1
201,CL,20180108,1,-1,1,1,-1,-1,-1,0,0,-1,-1,-1
202,CU,20180108,1,-1,-1,1,-1,1,-1,-1,0,0,0,1
203,EMD,20180108,1,-1,1,1,-1,-1,-1,1,1,-1,-1,1
204,ES,20180108,1,-1,1,1,-1,-1,-1,1,1,-1,-1,1
205,FC,20180108,1,-1,-1,1,1,1,1,-1,-1,1,1,1
206,FV,20180108,-1,1,-1,-1,1,1,1,0,-1,1,1,-1
207,GC,20180108,-1,1,1,1,-1,-1,1,-1,0,1,-1,-1
208,HG,20180108,1,-1,-1,1,1,1,-1,-1,1,0,0,1
209,HO,20180108,1,-1,-1,1,-1,-1,1,0,0,0,0,-1
210,JY,20180108,-1,1,-1,1,-1,1,-1,0,1,1,0,1
211,LC,20180108,1,-1,-1,-1,1,1,1,-1,0,1,0,-1
212,LH,20180108,1,-1,1,1,-1,-1,-1,0,0,0,1,-1
213,MP,20180108,1,-1,1,1,-1,-1,-1,1,0,0,0,-1
214,NE,20180108,1,-1,1,1,-1,-1,-1,0,0,-1,-1,1
215,NG,20180108,1,-1,-1,1,1,1,-1,1,0,1,0,-1
216,NIY,20180108,1,-1,1,1,-1,-1,-1,1,1,-1,-1,1
217,NQ,20180108,1,-1,1,1,-1,-1,-1,1,1,-1,-1,1
218,PA,20180108,1,-1,1,1,-1,-1,-1,0,0,-1,-1,-1
219,PL,20180108,-1,1,1,1,-1,-1,-1,0,0,-1,-1,-1
220,RB,20180108,1,-1,-1,1,-1,-1,-1,0,1,-1,-1,-1
221,S,20180108,1,-1,1,1,1,-1,1,0,-1,0,1,-1
222,SF,20180108,1,-1,-1,1,1,1,-1,-1,0,0,0,1
223,SI,20180108,-1,1,-1,1,-1,1,1,-1,0,0,0,-1
224,SM,20180108,1,-1,1,1,-1,-1,1,-1,0,0,0,-1
225,TU,20180108,-1,1,-1,-1,1,1,-1,1,1,-1,-1,-1
226,TY,20180108,-1,1,-1,-1,1,1,1,-1,-1,0,0,-1
227,US,20180108,-1,1,-1,1,-1,-1,-1,-1,0,-1,0,1
228,W,20180108,1,-1,1,1,-1,1,1,1,0,0,0,1
229,YM,20180108,1,-1,1,1,-1,-1,1,1,1,-1,-1,1
230,CC,20180108,1,-1,1,1,-1,-1,-1,0,0,0,0,-1
231,CT,20180108,1,-1,-1,1,-1,-1,-1,1,1,-1,-1,-1
232,KC,20180108,1,-1,-1,1,1,1,-1,-1,-1,1,1,-1
233,SB,20180108,1,-1,-1,1,1,1,1,0,0,0,0,1
234,VX,20180108,-1,1,-1,-1,1,1,1,0,-1,1,1,-1
235,AD,20180109,1,-1,-1,1,-1,1,-1,-1,1,0,0,-1
236,BO,20180109,1,-1,1,1,-1,-1,-1,1,1,0,-1,1
237,BP,20180109,1,-1,-1,1,-1,-1,-1,0,1,-1,1,1
238,C,20180109,1,-1,-1,-1,1,1,-1,0,0,0,0,-1
239,CD,20180109,1,-1,1,1,-1,-1,-1,-1,-1,1,1,1
240,CL,20180109,1,-1,1,1,-1,-1,-1,0,0,-1,-1,-1
241,CU,20180109,1,-1,-1,1,1,1,1,-1,0,0,0,1
242,EMD,20180109,1,-1,1,1,-1,-1,-1,1,1,-1,-1,1
243,ES,20180109,1,-1,1,1,-1,-1,-1,1,1,-1,-1,1
244,FC,20180109,1,-1,-1,1,1,1,-1,1,1,-1,-1,1
245,FV,20180109,-1,1,-1,-1,1,1,-1,0,0,-1,1,-1
246,GC,20180109,-1,1,-1,1,-1,1,1,-1,0,0,0,-1
247,HG,20180109,1,-1,-1,-1,1,1,-1,-1,0,0,0,1
248,HO,20180109,1,-1,1,1,-1,-1,-1,0,1,-1,-1,-1
249,JY,20180109,-1,1,-1,1,-1,1,-1,0,0,0,-1,1
250,LC,20180109,1,-1,-1,-1,1,1,-1,1,-1,1,0,-1
251,LH,20180109,1,-1,1,1,-1,-1,-1,-1,0,-1,0,-1
252,MP,20180109,1,-1,1,1,-1,-1,-1,-1,-1,0,0,-1
253,NE,20180109,1,-1,1,1,-1,-1,-1,0,0,-1,0,1
254,NG,20180109,1,-1,-1,1,1,-1,-1,1,1,-1,-1,-1
255,NIY,20180109,1,-1,1,1,-1,-1,1,1,1,-1,-1,1
256,NQ,20180109,1,-1,1,1,-1,-1,-1,1,1,-1,-1,1
257,PA,20180109,1,-1,1,1,-1,-1,-1,0,0,-1,-1,-1
258,PL,20180109,-1,1,1,1,-1,-1,-1,-1,0,-1,0,-1
259,RB,20180109,1,-1,1,1,-1,-1,-1,0,1,-1,0,-1
260,S,20180109,1,-1,-1,1,1,-1,1,-1,0,0,0,-1
261,SF,20180109,1,-1,-1,1,1,1,1,1,0,0,0,1
262,SI,20180109,-1,1,-1,1,-1,1,1,-1,0,-1,0,-1
263,SM,20180109,1,-1,1,1,-1,1,1,0,0,0,0,-1
264,TU,20180109,-1,1,-1,-1,1,1,1,1,1,-1,-1,1
265,TY,20180109,-1,1,-1,-1,1,1,1,0,0,0,0,-1
266,US,20180109,-1,1,-1,-1,1,1,-1,-1,-1,1,1,1
267,W,20180109,1,-1,-1,1,-1,1,-1,0,0,0,-1,1
268,YM,20180109,1,-1,1,1,-1,-1,-1,1,1,-1,-1,1
269,CC,20180109,1,-1,-1,1,-1,-1,-1,0,0,0,-1,-1
270,CT,20180109,1,-1,1,1,-1,-1,-1,1,1,-1,-1,-1
271,KC,20180109,1,-1,-1,1,1,1,1,-1,0,0,0,-1
272,SB,20180109,1,-1,-1,1,1,1,1,-1,-1,1,1,1
273,VX,20180109,-1,1,-1,-1,1,1,-1,1,0,-1,0,-1
274,AD,20180110,1,-1,-1,1,-1,1,-1,1,1,0,0,-1
275,BO,20180110,1,-1,-1,1,-1,1,1,0,0,0,0,1
276,BP,20180110,1,-1,-1,1,-1,-1,1,0,1,-1,1,1
277,C,20180110,1,-1,-1,-1,1,1,1,0,0,0,1,-1
278,CD,20180110,1,-1,-1,1,1,1,1,0,0,0,0,1
279,CL,20180110,1,-1,1,1,-1,-1,-1,1,1,-1,-1,-1
280,CU,20180110,1,-1,-1,1,1,1,-1,0,0,0,0,1
281,EMD,20180110,1,-1,1,1,-1,-1,-1,1,1,-1,-1,1
282,ES,20180110,1,-1,1,1,-1,-1,-1,1,1,-1,-1,1
283,FC,20180110,1,-1,-1,1,1,1,-1,-1,-1,1,1,1
284,FV,20180110,-1,1,-1,-1,1,1,1,1,0,0,0,-1
285,GC,20180110,-1,1,1,1,-1,-1,-1,0,0,0,-1,-1
286,HG,20180110,1,-1,-1,-1,1,1,-1,1,1,-1,-1,1
287,HO,20180110,1,-1,-1,1,-1,-1,-1,0,1,-1,0,-1
288,JY,20180110,-1,1,1,1,-1,-1,-1,-1,0,0,0,1
289,LC,20180110,1,-1,-1,-1,1,1,1,0,0,0,1,-1
290,LH,20180110,1,-1,1,1,-1,-1,-1,0,0,-1,-1,-1
291,MP,20180110,1,-1,-1,1,1,1,1,1,0,0,0,-1
292,NE,20180110,1,-1,1,1,-1,-1,-1,0,0,0,0,1
293,NG,20180110,1,-1,-1,1,1,-1,1,-1,-1,1,1,-1
294,NIY,20180110,1,-1,1,1,-1,-1,1,1,1,-1,-1,1
295,NQ,20180110,1,-1,1,1,-1,-1,-1,1,1,-1,-1,1
296,PA,20180110,1,-1,-1,1,-1,1,-1,-1,0,-1,0,-1
297,PL,20180110,-1,1,1,1,-1,-1,-1,0,0,-1,-1,-1
298,RB,20180110,1,-1,1,1,-1,-1,-1,0,1,-1,-1,-1
299,S,20180110,1,-1,-1,-1,1,1,1,0,0,1,-1,-1
300,SF,20180110,1,-1,-1,1,1,1,-1,1,0,0,0,1
301,SI,20180110,-1,1,-1,1,-1,1,-1,-1,0,0,0,-1
302,SM,20180110,1,-1,-1,-1,1,1,-1,-1,0,0,0,-1
303,TU,20180110,-1,1,-1,-1,1,1,-1,0,0,1,1,1
304,TY,20180110,-1,1,-1,-1,1,1,1,-1,-1,1,1,-1
305,US,20180110,-1,1,-1,-1,1,1,1,1,1,0,0,1
306,W,20180110,1,-1,-1,1,-1,-1,-1,0,0,0,-1,1
307,YM,20180110,1,-1,1,1,-1,-1,-1,1,1,-1,-1,1
308,CC,20180110,1,-1,1,1,-1,-1,-1,0,0,0,1,-1
309,CT,20180110,1,-1,1,1,-1,-1,-1,1,1,-1,-1,-1
310,KC,20180110,1,-1,-1,1,1,1,-1,0,0,1,0,-1
311,SB,20180110,1,-1,-1,-1,1,1,1,-1,-1,1,1,-1
312,VX,20180110,-1,1,-1,-1,1,-1,1,0,0,0,-1,-1
313,AD,20180111,1,-1,1,1,-1,-1,-1,-1,0,0,0,-1
314,BO,20180111,1,-1,-1,-1,1,1,1,0,0,1,1,1
315,BP,20180111,1,-1,-1,1,-1,-1,-1,0,0,0,-1,1
316,C,20180111,1,-1,-1,-1,1,1,-1,0,1,0,1,-1
317,CD,20180111,1,-1,-1,1,1,1,-1,1,1,-1,-1,1
318,CL,20180111,1,-1,1,1,-1,-1,-1,0,0,-1,-1,-1
319,CU,20180111,1,-1,-1,1,1,-1,-1,0,0,0,0,1
320,EMD,20180111,1,-1,1,1,-1,-1,-1,0,0,-1,-1,1
321,ES,20180111,1,-1,1,1,-1,-1,-1,0,0,-1,-1,1
322,FC,20180111,1,-1,-1,-1,1,1,1,-1,-1,1,1,1
323,FV,20180111,-1,1,-1,-1,1,1,-1,0,0,1,0,-1
324,GC,20180111,-1,1,1,1,-1,-1,-1,0,1,-1,-1,-1
325,HG,20180111,1,-1,-1,-1,1,1,1,-1,-1,1,1,1
326,HO,20180111,1,-1,-1,1,-1,-1,1,1,-1,-1,0,-1
327,JY,20180111,-1,1,1,1,-1,-1,-1,1,-1,0,0,1
328,LC,20180111,1,-1,-1,-1,1,1,-1,-1,0,0,0,-1
329,LH,20180111,1,-1,-1,-1,-1,1,-1,-1,-1,1,1,-1
330,MP,20180111,1,-1,1,1,-1,-1,-1,1,0,0,0,-1
331,NE,20180111,1,-1,1,1,-1,-1,-1,0,0,-1,0,1
332,NG,20180111,1,-1,1,1,-1,-1,-1,1,1,-1,-1,-1
333,NIY,20180111,1,-1,1,1,-1,-1,-1,0,1,-1,-1,1
334,NQ,20180111,1,-1,1,1,-1,-1,-1,0,1,-1,-1,1
335,PA,20180111,1,-1,-1,1,1,1,-1,-1,1,0,0,-1
336,PL,20180111,-1,1,1,1,-1,-1,-1,-1,0,-1,0,-1
337,RB,20180111,1,-1,1,1,-1,-1,-1,0,0,-1,-1,-1
338,S,20180111,1,-1,-1,-1,1,1,1,-1,0,0,-1,-1
339,SF,20180111,1,-1,-1,1,-1,1,-1,0,1,0,0,1
340,SI,20180111,-1,1,-1,1,-1,1,1,0,0,0,1,-1
341,SM,20180111,1,-1,-1,-1,1,1,1,-1,0,1,0,-1
342,TU,20180111,-1,1,-1,-1,1,1,1,0,-1,1,1,1
343,TY,20180111,-1,1,-1,-1,1,1,-1,1,0,1,0,-1
344,US,20180111,-1,1,-1,-1,1,1,-1,1,1,0,0,1
345,W,20180111,1,-1,-1,1,-1,-1,1,0,0,0,-1,1
346,YM,20180111,1,-1,1,1,-1,-1,-1,0,1,-1,-1,1
347,CC,20180111,1,-1,1,1,-1,-1,-1,0,0,0,0,-1
348,CT,20180111,1,-1,1,1,-1,-1,-1,1,1,-1,-1,-1
349,KC,20180111,1,-1,-1,-1,1,1,1,-1,-1,1,1,-1
350,SB,20180111,1,-1,-1,-1,1,1,-1,0,0,1,0,-1
351,VX,20180111,-1,1,1,-1,1,-1,1,0,-1,1,0,-1
352,AD,20180112,1,-1,1,1,-1,-1,-1,0,0,-1,-1,-1
353,BO,20180112,1,-1,-1,1,1,1,-1,0,0,1,-1,1
354,BP,20180112,1,-1,1,1,-1,-1,-1,1,1,-1,-1,1
355,C,20180112,1,-1,-1,-1,1,1,-1,0,0,1,1,-1
356,CD,20180112,1,-1,-1,1,1,1,-1,1,1,-1,-1,1
357,CL,20180112,1,-1,1,1,-1,-1,-1,0,0,-1,-1,-1
358,CU,20180112,1,-1,1,1,-1,-1,-1,1,1,-1,-1,1
359,EMD,20180112,1,-1,1,1,-1,-1,-1,0,-1,-1,-1,1
360,ES,20180112,1,-1,1,1,-1,-1,-1,0,0,-1,-1,1
361,FC,20180112,1,-1,1,1,1,1,-1,1,1,-1,-1,1
362,FV,20180112,-1,1,-1,-1,1,1,-1,-1,-1,1,1,-1
363,GC,20180112,-1,1,1,1,-1,-1,-1,0,0,0,-1,-1
364,HG,20180112,1,-1,-1,-1,1,1,1,-1,-1,1,1,1
365,HO,20180112,1,-1,1,1,-1,-1,-1,1,1,-1,0,-1
366,JY,20180112,-1,1,1,1,-1,-1,-1,1,0,0,0,1
367,LC,20180112,1,-1,-1,-1,1,1,-1,1,0,0,0,-1
368,LH,20180112,1,-1,-1,-1,-1,1,-1,1,1,-1,-1,-1
369,MP,20180112,1,-1,1,1,-1,-1,-1,1,1,-1,-1,-1
370,NE,20180112,1,-1,1,1,-1,-1,1,-1,0,-1,0,1
371,NG,20180112,1,-1,1,1,-1,-1,-1,1,1,-1,-1,-1
372,NIY,20180112,1,-1,1,1,1,1,-1,1,1,0,0,1
373,NQ,20180112,1,-1,1,1,-1,-1,-1,0,0,-1,-1,1
374,PA,20180112,1,-1,1,1,-1,-1,-1,0,1,-1,-1,-1
375,PL,20180112,-1,1,1,1,-1,-1,-1,0,0,-1,-1,-1
376,RB,20180112,1,-1,1,1,-1,-1,-1,0,1,-1,-1,-1
377,S,20180112,1,-1,-1,1,1,1,-1,-1,0,1,1,-1
378,SF,20180112,1,-1,1,1,-1,-1,-1,0,0,-1,1,1
379,SI,20180112,-1,1,-1,1,-1,-1,-1,-1,0,0,0,-1
380,SM,20180112,1,-1,-1,1,1,-1,-1,0,0,0,0,-1
381,TU,20180112,-1,1,-1,-1,1,1,1,0,1,1,1,1
382,TY,20180112,-1,1,-1,-1,1,1,-1,-1,0,0,0,-1
383,US,20180112,-1,1,-1,-1,1,1,-1,1,1,-1,-1,1
384,W,20180112,1,-1,-1,-1,1,1,1,0,0,0,0,1
385,YM,20180112,1,-1,1,1,-1,-1,-1,0,0,-1,-1,1
386,CC,20180112,1,-1,1,1,-1,-1,1,0,-1,0,1,-1
387,CT,20180112,1,-1,1,1,-1,-1,1,-1,-1,1,1,-1
388,KC,20180112,1,-1,-1,-1,1,1,1,0,0,0,0,-1
389,SB,20180112,1,-1,-1,-1,1,1,1,1,1,-1,-1,-1
390,VX,20180112,-1,1,1,-1,1,-1,1,1,0,-1,0,-1
391,AD,20180116,1,-1,1,1,-1,-1,-1,0,1,-1,-1,-1
392,BO,20180116,1,-1,-1,-1,1,1,1,-1,0,0,0,1
393,BP,20180116,1,-1,1,1,-1,-1,-1,0,0,0,0,1
394,C,20180116,1,-1,1,-1,1,1,-1,0,0,0,0,-1
395,CD,20180116,1,-1,-1,1,-1,-1,-1,1,1,-1,-1,1
396,CL,20180116,1,-1,1,1,-1,1,-1,0,0,-1,0,-1
397,CU,20180116,1,-1,1,1,-1,-1,-1,0,0,-1,-1,1
398,EMD,20180116,1,-1,1,1,-1,1,-1,0,1,-1,0,1
399,ES,20180116,1,-1,1,1,-1,-1,-1,1,0,-1,0,1
400,FC,20180116,1,-1,1,1,1,-1,-1,1,1,-1,-1,1
401,FV,20180116,-1,1,-1,-1,1,1,1,1,-1,0,0,1
402,GC,20180116,-1,1,1,1,-1,-1,-1,0,1,-1,-1,-1
403,HG,20180116,1,-1,-1,-1,1,1,-1,1,1,-1,-1,1
404,HO,20180116,1,-1,1,-1,-1,1,1,1,0,-1,0,-1
405,JY,20180116,-1,1,1,1,-1,-1,-1,0,0,0,0,1
406,LC,20180116,1,-1,1,-1,1,1,-1,1,1,0,0,-1
407,LH,20180116,1,-1,-1,1,-1,-1,-1,1,1,-1,-1,-1
408,MP,20180116,1,-1,1,1,-1,-1,-1,1,1,-1,-1,-1
409,NE,20180116,1,-1,1,1,-1,-1,-1,0,0,-1,-1,1
410,NG,20180116,1,-1,1,1,-1,-1,1,-1,-1,1,1,-1
411,NIY,20180116,1,-1,-1,1,-1,1,1,-1,1,-1,0,1
412,NQ,20180116,1,-1,1,1,-1,-1,-1,0,1,-1,-1,1
413,PA,20180116,1,-1,-1,1,-1,-1,1,0,0,-1,-1,-1
414,PL,20180116,-1,1,1,1,-1,-1,-1,0,0,-1,-1,-1
415,RB,20180116,1,-1,1,1,-1,-1,1,-1,0,0,0,-1
416,S,20180116,1,-1,1,1,-1,-1,-1,1,0,0,0,1
417,SF,20180116,1,-1,1,1,-1,-1,-1,1,1,-1,-1,1
418,SI,20180116,-1,1,1,1,-1,-1,-1,0,0,-1,-1,-1
419,SM,20180116,1,-1,1,1,-1,-1,-1,1,0,0,0,1
420,TU,20180116,-1,1,-1,-1,1,1,1,0,-1,1,1,1
421,TY,20180116,-1,1,-1,-1,1,1,-1,-1,-1,0,0,1
422,US,20180116,-1,1,-1,-1,1,1,-1,-1,0,0,0,1
423,W,20180116,1,-1,-1,-1,1,1,1,-1,-1,1,1,1
424,YM,20180116,1,-1,1,1,-1,-1,-1,0,1,-1,-1,1
425,CC,20180116,1,-1,1,1,-1,-1,-1,0,0,0,0,-1
426,CT,20180116,1,-1,1,1,-1,-1,1,0,0,-1,-1,-1
427,KC,20180116,1,-1,-1,-1,1,1,1,0,0,0,0,1
428,SB,20180116,1,-1,-1,-1,1,1,-1,0,0,0,0,-1
429,VX,20180116,-1,1,1,-1,-1,-1,-1,-1,0,0,0,-1
430,AD,20180117,1,-1,1,1,-1,-1,-1,0,1,-1,-1,-1
431,BO,20180117,1,-1,-1,-1,1,1,-1,-1,0,1,0,1
432,BP,20180117,1,-1,1,1,-1,-1,-1,0,0,0,0,1
433,C,20180117,1,-1,1,-1,-1,-1,-1,1,0,0,0,-1
434,CD,20180117,1,-1,1,1,-1,-1,-1,1,1,-1,-1,1
435,CL,20180117,1,-1,1,1,-1,-1,-1,0,1,-1,-1,-1
436,CU,20180117,1,-1,1,1,-1,-1,1,1,0,0,0,1
437,EMD,20180117,1,-1,1,1,-1,-1,-1,0,0,-1,-1,1
438,ES,20180117,1,-1,1,1,-1,-1,-1,0,0,-1,-1,1
439,FC,20180117,1,-1,1,-1,-1,-1,-1,1,1,-1,-1,1
440,FV,20180117,-1,1,-1,-1,1,1,-1,0,0,1,1,1
441,GC,20180117,-1,1,1,1,-1,-1,-1,0,0,-1,-1,1
442,HG,20180117,1,-1,-1,-1,1,1,-1,-1,-1,1,1,1
443,HO,20180117,1,-1,1,1,-1,-1,-1,0,1,-1,0,-1
444,JY,20180117,-1,1,1,1,-1,-1,1,-1,0,0,0,1
445,LC,20180117,1,-1,1,-1,-1,-1,-1,1,0,0,0,-1
446,LH,20180117,1,-1,-1,1,1,-1,-1,-1,-1,1,1,-1
447,MP,20180117,1,-1,1,1,-1,-1,-1,0,1,0,0,-1
448,NE,20180117,1,-1,1,1,-1,-1,-1,0,1,-1,-1,1
449,NG,20180117,1,-1,1,1,-1,-1,-1,1,1,-1,-1,-1
450,NIY,20180117,1,-1,1,1,-1,-1,-1,0,1,-1,0,1
451,NQ,20180117,1,-1,1,1,-1,-1,-1,0,1,-1,-1,1
452,PA,20180117,1,-1,1,1,-1,-1,-1,0,0,-1,-1,-1
453,PL,20180117,-1,1,1,1,-1,-1,-1,0,0,-1,-1,-1
454,RB,20180117,1,-1,1,1,-1,-1,-1,0,0,-1,0,-1
455,S,20180117,1,-1,1,1,-1,-1,-1,1,0,0,0,1
456,SF,20180117,1,-1,1,1,-1,-1,1,-1,-1,1,1,1
457,SI,20180117,-1,1,1,-1,-1,-1,-1,0,-1,-1,-1,-1
458,SM,20180117,1,-1,1,1,-1,-1,-1,-1,-1,0,0,1
459,TU,20180117,-1,1,-1,-1,1,1,1,0,0,1,1,1
460,TY,20180117,-1,1,-1,-1,1,1,1,1,0,0,1,1
461,US,20180117,-1,1,1,-1,1,1,-1,1,-1,0,0,1
462,W,20180117,1,-1,-1,-1,1,1,-1,0,0,0,0,1
463,YM,20180117,1,-1,1,1,-1,-1,-1,0,1,-1,-1,1
464,CC,20180117,1,-1,1,1,-1,-1,-1,1,0,0,0,-1
465,CT,20180117,1,-1,1,1,-1,-1,-1,0,0,-1,-1,-1
466,KC,20180117,1,-1,-1,-1,1,-1,-1,-1,0,0,0,1
467,SB,20180117,1,-1,-1,-1,1,1,1,-1,-1,1,1,-1
468,VX,20180117,-1,1,1,1,-1,-1,1,0,0,0,-1,-1
469,AD,20180118,1,-1,1,1,-1,-1,1,-1,1,0,0,-1
470,BO,20180118,1,-1,-1,-1,1,1,1,0,0,1,1,1
471,BP,20180118,1,-1,1,1,-1,-1,-1,0,0,0,-1,1
472,C,20180118,1,-1,1,-1,-1,-1,1,1,0,0,0,-1
473,CD,20180118,1,-1,1,1,-1,-1,1,0,1,-1,0,1
474,CL,20180118,1,-1,1,1,-1,-1,-1,-1,1,-1,0,-1
475,CU,20180118,1,-1,1,1,-1,-1,-1,-1,1,0,0,1
476,EMD,20180118,1,-1,1,1,-1,-1,-1,1,0,-1,0,1
477,ES,20180118,1,-1,1,1,-1,-1,-1,-1,0,-1,0,1
478,FC,20180118,1,-1,1,1,-1,-1,-1,1,0,0,0,1
479,FV,20180118,-1,1,-1,-1,1,1,1,0,-1,1,1,1
480,GC,20180118,-1,1,1,1,-1,1,-1,-1,0,-1,0,-1
481,HG,20180118,1,-1,-1,-1,1,-1,-1,0,0,0,-1,1
482,HO,20180118,1,-1,-1,-1,-1,1,-1,0,1,-1,0,-1
483,JY,20180118,-1,1,1,1,-1,-1,-1,0,0,0,-1,1
484,LC,20180118,1,-1,1,-1,-1,-1,-1,-1,1,0,0,-1
485,LH,20180118,1,-1,1,1,1,-1,-1,1,1,-1,-1,-1
486,MP,20180118,1,-1,1,1,-1,-1,-1,0,1,0,0,-1
487,NE,20180118,1,-1,1,1,-1,-1,-1,0,0,-1,-1,1
488,NG,20180118,1,-1,1,1,-1,-1,1,-1,-1,1,1,-1
489,NIY,20180118,1,-1,1,1,-1,-1,-1,-1,0,-1,-1,1
490,NQ,20180118,1,-1,1,1,-1,-1,-1,0,1,-1,-1,1
491,PA,20180118,1,-1,1,1,-1,-1,-1,0,0,-1,-1,-1
492,PL,20180118,-1,1,1,1,-1,-1,-1,0,0,-1,-1,-1
493,RB,20180118,1,-1,1,1,-1,-1,-1,0,0,-1,-1,-1
494,S,20180118,1,-1,1,1,-1,-1,-1,0,0,0,0,1
495,SF,20180118,1,-1,1,1,-1,-1,-1,1,1,-1,-1,1
496,SI,20180118,-1,1,-1,-1,-1,1,-1,-1,1,0,0,-1
497,SM,20180118,1,-1,1,1,-1,-1,-1,1,0,0,0,1
498,TU,20180118,-1,1,-1,-1,1,1,-1,0,-1,1,1,1
499,TY,20180118,-1,1,-1,-1,1,1,1,0,-1,1,1,1
500,US,20180118,-1,1,-1,-1,1,1,-1,1,0,0,0,1
501,W,20180118,1,-1,-1,-1,1,-1,-1,-1,0,0,0,1
502,YM,20180118,1,-1,1,1,1,1,-1,-1,0,0,0,1
503,CC,20180118,1,-1,1,1,-1,-1,1,0,0,-1,-1,-1
504,CT,20180118,1,-1,1,1,-1,-1,-1,1,1,-1,-1,-1
505,KC,20180118,1,-1,-1,-1,1,-1,-1,-1,0,0,0,1
506,SB,20180118,1,-1,-1,-1,1,1,1,0,0,1,0,-1
507,VX,20180118,-1,1,1,1,-1,-1,1,0,0,0,0,-1
508,AD,20180119,1,-1,1,1,-1,-1,-1,0,0,-1,0,1
509,BO,20180119,1,-1,-1,-1,1,1,-1,0,-1,1,1,1
510,BP,20180119,1,-1,1,1,-1,-1,-1,0,1,-1,-1,1
511,C,20180119,1,-1,1,1,-1,-1,-1,1,0,0,0,-1
512,CD,20180119,1,-1,1,1,-1,-1,-1,-1,-1,1,1,1
513,CL,20180119,1,-1,-1,1,-1,1,-1,-1,0,-1,0,-1
514,CU,20180119,1,-1,1,1,-1,-1,-1,-1,1,0,0,1
515,EMD,20180119,1,-1,1,1,-1,-1,-1,0,0,-1,-1,1
516,ES,20180119,1,-1,1,1,-1,-1,-1,0,1,-1,-1,1
517,FC,20180119,1,-1,1,1,-1,-1,1,-1,-1,1,1,1
518,FV,20180119,-1,1,-1,-1,1,1,1,0,0,1,1,1
519,GC,20180119,-1,1,1,1,-1,-1,-1,0,0,-1,-1,-1
520,HG,20180119,1,-1,-1,-1,1,1,-1,-1,0,0,0,1
521,HO,20180119,1,-1,-1,-1,-1,-1,-1,0,1,-1,-1,-1
522,JY,20180119,-1,1,1,1,-1,1,-1,-1,0,0,0,1
523,LC,20180119,1,-1,1,-1,-1,-1,-1,-1,1,0,0,-1
524,LH,20180119,1,-1,1,1,1,-1,-1,-1,-1,1,1,-1
525,MP,20180119,1,-1,1,1,-1,-1,-1,1,0,0,0,-1
526,NE,20180119,1,-1,1,1,-1,1,-1,0,0,-1,-1,1
527,NG,20180119,1,-1,1,1,-1,-1,1,0,0,0,0,-1
528,NIY,20180119,1,-1,1,1,-1,-1,-1,0,0,-1,-1,1
529,NQ,20180119,1,-1,1,1,-1,-1,-1,0,0,-1,-1,1
530,PA,20180119,1,-1,1,1,-1,-1,-1,0,0,-1,-1,-1
531,PL,20180119,-1,1,1,1,-1,-1,-1,0,0,-1,-1,-1
532,RB,20180119,1,-1,1,1,-1,-1,-1,1,0,-1,0,-1
533,S,20180119,1,-1,1,1,-1,-1,-1,0,0,0,0,1
534,SF,20180119,1,-1,1,1,-1,-1,1,0,0,0,0,1
535,SI,20180119,-1,1,1,-1,1,-1,-1,0,0,0,0,-1
536,SM,20180119,1,-1,1,1,-1,-1,-1,-1,0,0,0,1
537,TU,20180119,-1,1,-1,-1,1,1,1,0,-1,1,1,1
538,TY,20180119,-1,1,-1,-1,1,1,1,0,0,0,1,1
539,US,20180119,-1,1,-1,-1,1,1,1,-1,0,1,0,1
540,W,20180119,1,-1,-1,-1,1,-1,1,0,-1,0,0,1
541,YM,20180119,1,-1,1,1,1,-1,-1,0,0,0,-1,1
542,CC,20180119,1,-1,1,1,-1,1,-1,-1,0,0,0,-1
543,CT,20180119,1,-1,1,1,-1,-1,-1,0,0,-1,-1,-1
544,KC,20180119,1,-1,-1,-1,1,-1,-1,1,0,0,0,1
545,SB,20180119,1,-1,-1,-1,1,-1,-1,1,1,-1,-1,-1
546,VX,20180119,-1,1,1,1,-1,-1,1,1,-1,0,1,-1
547,AD,20180122,1,-1,1,1,-1,-1,-1,0,0,-1,-1,1
548,BO,20180122,1,-1,-1,-1,1,1,1,0,0,1,1,1
549,BP,20180122,1,-1,1,1,-1,-1,-1,0,0,-1,-1,1
550,C,20180122,1,-1,1,1,-1,-1,1,1,-1,0,0,-1
551,CD,20180122,1,-1,1,-1,-1,-1,-1,1,1,-1,-1,1
552,CL,20180122,1,-1,-1,1,-1,1,-1,-1,0,-1,0,-1
553,CU,20180122,1,-1,1,1,-1,-1,-1,0,1,-1,-1,1
554,EMD,20180122,1,-1,1,1,-1,-1,-1,0,0,-1,-1,-1
555,ES,20180122,1,-1,1,1,-1,-1,-1,0,0,-1,-1,-1
556,FC,20180122,1,-1,1,1,-1,-1,-1,1,1,-1,-1,1
557,FV,20180122,-1,1,-1,-1,1,1,1,0,0,1,1,1
558,GC,20180122,-1,1,-1,1,-1,-1,-1,-1,-1,1,1,1
559,HG,20180122,1,-1,-1,-1,1,-1,-1,0,0,0,-1,1
560,HO,20180122,1,-1,-1,1,-1,-1,-1,0,0,-1,-1,-1
561,JY,20180122,-1,1,1,1,-1,-1,-1,-1,0,0,0,1
562,LC,20180122,1,-1,1,1,-1,-1,-1,1,0,0,1,-1
563,LH,20180122,1,-1,1,1,-1,-1,1,-1,0,0,0,-1
564,MP,20180122,1,-1,1,1,-1,-1,1,-1,0,1,0,-1
565,NE,20180122,1,-1,1,1,-1,-1,-1,0,0,-1,-1,1
566,NG,20180122,1,-1,-1,1,-1,-1,1,1,-1,0,0,-1
567,NIY,20180122,1,-1,1,1,-1,-1,-1,0,0,-1,-1,1
568,NQ,20180122,1,-1,1,1,-1,-1,-1,0,0,-1,-1,1
569,PA,20180122,1,-1,-1,1,-1,1,-1,-1,0,0,0,-1
570,PL,20180122,-1,1,1,1,1,1,-1,-1,0,0,0,-1
571,RB,20180122,1,-1,1,1,-1,-1,-1,0,0,-1,-1,-1
572,S,20180122,1,-1,1,1,-1,-1,-1,1,1,-1,-1,1
573,SF,20180122,1,-1,1,1,-1,-1,1,1,-1,0,0,1
574,SI,20180122,-1,1,-1,-1,1,1,1,0,0,0,0,-1
575,SM,20180122,1,-1,1,1,-1,-1,-1,1,1,-1,-1,1
576,TU,20180122,-1,1,-1,-1,1,1,1,0,0,1,1,1
577,TY,20180122,-1,1,-1,-1,1,1,-1,0,0,1,0,1
578,US,20180122,-1,1,-1,-1,1,1,-1,-1,0,1,0,1
579,W,20180122,1,-1,1,-1,1,-1,-1,-1,0,0,0,1
580,YM,20180122,1,-1,1,1,-1,-1,-1,0,0,-1,-1,1
581,CC,20180122,1,-1,1,1,-1,1,-1,1,1,-1,-1,-1
582,CT,20180122,1,-1,1,1,-1,-1,1,-1,-1,1,1,-1
583,KC,20180122,1,-1,1,-1,1,-1,-1,-1,0,0,0,1
584,SB,20180122,1,-1,-1,-1,1,-1,1,-1,-1,1,1,-1
585,VX,20180122,-1,1,1,1,-1,1,1,0,-1,0,1,-1
586,AD,20180123,1,-1,1,1,-1,-1,-1,1,1,0,0,1
587,BO,20180123,1,-1,-1,-1,1,1,-1,0,0,-1,0,1
588,BP,20180123,1,-1,1,1,-1,-1,-1,0,0,-1,-1,1
589,C,20180123,1,-1,1,1,-1,-1,1,-1,0,0,0,-1
590,CD,20180123,1,-1,-1,-1,-1,-1,-1,1,1,-1,-1,1
591,CL,20180123,1,-1,1,1,-1,-1,-1,0,0,-1,-1,-1
592,CU,20180123,1,-1,1,1,-1,-1,-1,0,0,-1,-1,1
593,EMD,20180123,1,-1,1,1,-1,-1,-1,1,1,-1,-1,-1
594,ES,20180123,1,-1,1,1,-1,-1,-1,1,1,-1,-1,-1
595,FC,20180123,1,-1,1,1,-1,-1,-1,1,1,-1,-1,1
596,FV,20180123,-1,1,-1,-1,1,1,-1,1,0,1,0,1
597,GC,20180123,-1,1,-1,1,-1,-1,-1,0,1,-1,-1,1
598,HG,20180123,1,-1,-1,-1,1,1,1,-1,-1,1,1,-1
599,HO,20180123,1,-1,1,1,-1,-1,-1,0,1,-1,-1,-1
600,JY,20180123,-1,1,-1,1,-1,-1,-1,0,0,-1,-1,1
601,LC,20180123,1,-1,1,1,-1,-1,-1,1,1,0,0,-1
602,LH,20180123,1,-1,-1,-1,1,-1,1,-1,0,0,0,-1
603,MP,20180123,1,-1,1,1,-1,-1,1,1,0,0,0,-1
604,NE,20180123,1,-1,1,1,-1,-1,-1,0,0,-1,-1,1
605,NG,20180123,1,-1,1,1,-1,-1,-1,-1,0,0,0,-1
606,NIY,20180123,1,-1,1,1,-1,-1,-1,1,1,-1,-1,1
607,NQ,20180123,1,-1,1,1,-1,-1,-1,1,1,-1,-1,1
608,PA,20180123,1,-1,-1,-1,1,1,-1,-1,0,0,0,-1
609,PL,20180123,-1,1,1,1,1,-1,-1,0,0,0,-1,-1
610,RB,20180123,1,-1,1,1,-1,-1,-1,0,0,-1,-1,-1
611,S,20180123,1,-1,1,1,-1,-1,-1,0,0,0,0,1
612,SF,20180123,1,-1,1,1,-1,-1,-1,0,0,-1,-1,1
613,SI,20180123,-1,1,-1,-1,1,1,-1,-1,0,0,0,-1
614,SM,20180123,1,-1,1,1,-1,-1,-1,1,1,0,0,1
615,TU,20180123,-1,1,-1,-1,1,1,-1,-1,0,1,0,1
616,TY,20180123,-1,1,-1,-1,1,1,-1,0,0,1,0,1
617,US,20180123,-1,1,-1,-1,1,1,-1,1,1,0,0,1
618,W,20180123,1,-1,1,-1,1,-1,1,-1,0,0,0,1
619,YM,20180123,1,-1,1,1,-1,-1,-1,1,1,-1,-1,1
620,CC,20180123,1,-1,-1,1,-1,1,-1,-1,1,0,0,-1
621,CT,20180123,1,-1,1,1,-1,-1,-1,-1,-1,1,1,-1
622,KC,20180123,1,-1,1,-1,1,-1,1,-1,0,0,0,1
623,SB,20180123,1,-1,-1,-1,1,-1,-1,-1,1,-1,0,1
624,VX,20180123,-1,1,-1,1,-1,1,1,1,0,0,0,-1
625,AD,20180124,1,-1,1,1,-1,-1,-1,0,0,0,-1,1
626,BO,20180124,1,-1,1,-1,-1,1,-1,1,-1,0,0,1
627,BP,20180124,1,-1,1,1,-1,-1,-1,1,1,-1,-1,1
628,C,20180124,1,-1,1,1,-1,-1,-1,1,0,0,0,-1
629,CD,20180124,1,-1,1,1,-1,-1,-1,1,1,-1,-1,1
630,CL,20180124,1,-1,1,1,-1,-1,-1,0,0,-1,-1,-1
631,CU,20180124,1,-1,1,1,-1,-1,-1,0,0,-1,-1,1
632,EMD,20180124,1,-1,1,1,-1,-1,1,1,0,-1,0,-1
633,ES,20180124,1,-1,1,1,-1,-1,-1,0,1,-1,-1,-1
634,FC,20180124,1,-1,1,1,-1,-1,-1,-1,-1,1,1,1
635,FV,20180124,-1,1,-1,-1,1,1,1,0,0,1,1,1
636,GC,20180124,-1,1,1,1,-1,-1,-1,1,1,-1,-1,1
637,HG,20180124,1,-1,1,1,-1,-1,-1,1,1,-1,-1,-1
638,HO,20180124,1,-1,1,1,-1,-1,-1,0,0,-1,-1,-1
639,JY,20180124,-1,1,1,1,-1,-1,-1,1,1,-1,-1,1
640,LC,20180124,1,-1,1,1,-1,-1,-1,1,0,0,0,-1
641,LH,20180124,1,-1,1,-1,-1,-1,-1,0,0,0,0,-1
642,MP,20180124,1,-1,1,1,-1,-1,-1,0,0,0,0,-1
643,NE,20180124,1,-1,1,1,-1,-1,-1,0,0,-1,-1,1
644,NG,20180124,1,-1,1,1,-1,-1,-1,0,0,-1,1,-1
645,NIY,20180124,1,-1,-1,-1,-1,1,-1,-1,0,-1,0,1
646,NQ,20180124,1,-1,1,1,-1,1,-1,-1,0,-1,0,1
647,PA,20180124,1,-1,-1,1,1,-1,-1,0,1,0,-1,-1
648,PL,20180124,-1,1,1,1,-1,-1,-1,0,0,-1,-1,-1
649,RB,20180124,1,-1,1,1,-1,-1,-1,0,1,-1,-1,-1
650,S,20180124,1,-1,1,1,-1,-1,-1,0,0,0,0,1
651,SF,20180124,1,-1,1,1,-1,-1,-1,1,1,-1,-1,1
652,SI,20180124,-1,1,1,1,-1,-1,-1,1,1,-1,-1,-1
653,SM,20180124,1,-1,1,1,-1,-1,-1,1,0,0,0,1
654,TU,20180124,-1,1,-1,-1,1,1,1,0,0,1,1,1
655,TY,20180124,-1,1,-1,-1,1,1,1,0,0,1,0,1
656,US,20180124,-1,1,-1,-1,1,1,-1,-1,0,0,0,1
657,W,20180124,1,-1,1,1,-1,-1,-1,1,1,-1,-1,1
658,YM,20180124,1,-1,1,1,-1,-1,-1,0,0,-1,-1,1
659,CC,20180124,1,-1,-1,1,1,1,-1,1,-1,0,0,-1
660,CT,20180124,1,-1,1,1,-1,-1,-1,1,1,-1,-1,-1
661,KC,20180124,1,-1,-1,-1,1,-1,-1,0,0,0,0,1
662,SB,20180124,1,-1,-1,-1,1,-1,-1,-1,1,0,0,1
663,VX,20180124,-1,1,1,1,-1,-1,-1,-1,0,0,0,-1
664,AD,20180125,1,-1,1,1,-1,1,-1,-1,-1,1,1,1
665,BO,20180125,1,-1,1,-1,1,1,1,0,0,0,0,1
666,BP,20180125,1,-1,1,1,-1,1,-1,-1,-1,1,1,1
667,C,20180125,1,-1,1,1,-1,-1,-1,1,0,0,0,-1
668,CD,20180125,1,-1,1,1,-1,-1,1,-1,-1,1,1,1
669,CL,20180125,1,-1,1,1,-1,-1,1,-1,1,-1,0,-1
670,CU,20180125,1,-1,1,1,-1,-1,-1,0,1,-1,-1,1
671,EMD,20180125,1,-1,1,1,-1,-1,1,0,1,-1,-1,-1
672,ES,20180125,1,-1,1,1,-1,-1,-1,0,1,-1,-1,-1
673,FC,20180125,1,-1,-1,1,-1,-1,1,-1,-1,1,1,1
674,FV,20180125,-1,1,-1,-1,1,-1,-1,0,-1,1,0,1
675,GC,20180125,-1,1,1,1,-1,-1,-1,1,1,-1,-1,1
676,HG,20180125,1,-1,1,-1,-1,1,-1,1,1,0,0,-1
677,HO,20180125,1,-1,1,1,-1,-1,-1,0,1,-1,-1,-1
678,JY,20180125,-1,1,1,1,-1,-1,1,0,0,-1,-1,1
679,LC,20180125,1,-1,-1,1,-1,1,-1,-1,0,0,0,-1
680,LH,20180125,1,-1,-1,-1,1,1,-1,-1,-1,1,1,-1
681,MP,20180125,1,-1,1,1,-1,-1,-1,-1,0,0,0,-1
682,NE,20180125,1,-1,1,1,1,1,1,-1,-1,1,1,1
683,NG,20180125,1,-1,1,1,-1,-1,-1,0,1,-1,-1,-1
684,NIY,20180125,1,-1,-1,-1,1,1,-1,1,0,0,0,1
685,NQ,20180125,1,-1,1,1,-1,1,-1,-1,0,-1,0,1
686,PA,20180125,1,-1,1,1,-1,-1,-1,-1,1,0,0,-1
687,PL,20180125,-1,1,1,1,-1,-1,-1,0,0,0,-1,-1
688,RB,20180125,1,-1,1,1,-1,-1,-1,0,0,-1,-1,-1
689,S,20180125,1,-1,1,1,-1,-1,1,1,0,0,0,1
690,SF,20180125,1,-1,1,1,-1,-1,-1,1,1,-1,-1,1
691,SI,20180125,-1,1,1,1,-1,-1,-1,0,0,-1,-1,-1
692,SM,20180125,1,-1,1,1,-1,-1,-1,0,1,-1,-1,1
693,TU,20180125,-1,1,-1,-1,1,1,1,0,-1,1,1,1
694,TY,20180125,-1,1,-1,-1,1,-1,-1,1,0,1,0,1
695,US,20180125,-1,1,-1,-1,1,-1,-1,0,0,0,1,1
696,W,20180125,1,-1,1,1,-1,-1,-1,-1,0,0,0,1
697,YM,20180125,1,-1,1,1,-1,-1,-1,0,1,-1,-1,1
698,CC,20180125,1,-1,-1,1,-1,1,-1,0,0,-1,-1,-1
699,CT,20180125,1,-1,-1,1,1,1,-1,-1,-1,1,1,-1
700,KC,20180125,1,-1,1,-1,1,-1,-1,0,-1,0,-1,1
701,SB,20180125,1,-1,1,-1,1,-1,-1,0,0,0,0,1
702,VX,20180125,-1,1,1,1,-1,-1,1,1,0,0,0,-1
703,AD,20180126,1,-1,1,1,-1,-1,-1,1,1,-1,-1,-1
704,BO,20180126,1,-1,1,-1,-1,-1,-1,1,0,0,0,-1
705,BP,20180126,1,-1,1,1,-1,1,-1,-1,1,-1,-1,1
706,C,20180126,1,-1,1,1,-1,-1,-1,1,0,0,0,-1
707,CD,20180126,1,-1,1,1,-1,-1,-1,1,1,-1,-1,-1
708,CL,20180126,1,-1,1,1,-1,-1,-1,0,1,-1,-1,-1
709,CU,20180126,1,-1,1,1,-1,-1,-1,0,1,-1,-1,1
710,EMD,20180126,1,-1,1,1,-1,-1,-1,0,1,-1,-1,-1
711,ES,20180126,1,-1,1,1,-1,-1,-1,0,1,-1,-1,-1
712,FC,20180126,1,-1,1,1,-1,-1,-1,1,1,-1,-1,1
713,FV,20180126,-1,1,-1,-1,1,1,1,0,0,1,1,1
714,GC,20180126,-1,1,1,1,-1,1,-1,-1,0,-1,0,1
715,HG,20180126,1,-1,1,-1,-1,1,-1,-1,0,0,0,-1
716,HO,20180126,1,-1,1,1,-1,-1,-1,0,1,-1,-1,-1
717,JY,20180126,-1,1,1,1,-1,-1,-1,0,0,-1,-1,1
718,LC,20180126,1,-1,1,1,-1,1,-1,0,0,0,0,-1
719,LH,20180126,1,-1,-1,-1,1,1,-1,-1,-1,1,1,-1
720,MP,20180126,1,-1,1,1,-1,-1,-1,0,-1,-1,-1,-1
721,NE,20180126,1,-1,1,1,1,-1,-1,1,1,0,0,1
722,NG,20180126,1,-1,1,1,-1,-1,-1,0,0,-1,-1,-1
723,NIY,20180126,1,-1,-1,-1,1,1,-1,-1,0,0,0,1
724,NQ,20180126,1,-1,1,1,-1,-1,-1,0,1,-1,-1,1
725,PA,20180126,1,-1,-1,1,1,1,-1,-1,0,0,0,-1
726,PL,20180126,-1,1,-1,1,-1,1,-1,-1,0,0,0,-1
727,RB,20180126,1,-1,1,1,-1,-1,-1,0,0,-1,-1,-1
728,S,20180126,1,-1,1,1,-1,-1,-1,0,0,1,-1,-1
729,SF,20180126,1,-1,1,1,-1,-1,-1,1,1,-1,-1,1
730,SI,20180126,-1,1,1,1,-1,1,1,-1,0,0,0,-1
731,SM,20180126,1,-1,1,1,1,1,1,-1,0,0,0,1
732,TU,20180126,-1,1,-1,-1,1,1,1,0,0,1,1,1
733,TY,20180126,-1,1,-1,-1,1,1,-1,-1,-1,1,1,1
734,US,20180126,-1,1,-1,-1,1,-1,-1,-1,0,0,0,1
735,W,20180126,1,-1,1,1,-1,-1,-1,1,1,-1,-1,-1
736,YM,20180126,1,-1,1,1,-1,-1,-1,0,1,-1,-1,1
737,CC,20180126,1,-1,1,1,-1,-1,-1,1,0,0,0,-1
738,CT,20180126,1,-1,-1,-1,1,1,-1,-1,-1,1,1,-1
739,KC,20180126,1,-1,1,1,-1,-1,-1,0,1,-1,0,1
740,SB,20180126,1,-1,1,-1,1,-1,-1,0,0,0,0,1
741,VX,20180126,-1,1,1,1,-1,-1,1,1,0,0,0,-1
742,AD,20180129,1,-1,1,1,-1,1,1,0,0,-1,-1,-1
743,BO,20180129,1,-1,1,-1,-1,-1,-1,1,0,0,0,-1
744,BP,20180129,1,-1,1,1,1,1,1,-1,0,0,0,1
745,C,20180129,1,-1,1,1,-1,-1,-1,1,0,-1,0,-1
746,CD,20180129,1,-1,1,1,-1,-1,1,-1,-1,1,1,-1
747,CL,20180129,1,-1,1,1,-1,-1,-1,0,0,-1,-1,-1
748,CU,20180129,1,-1,1,1,-1,-1,-1,0,0,-1,-1,1
749,EMD,20180129,1,-1,-1,1,1,1,-1,-1,-1,1,1,-1
750,ES,20180129,1,-1,1,1,1,1,-1,-1,-1,1,1,-1
751,FC,20180129,1,-1,1,1,-1,-1,-1,-1,-1,0,0,1
752,FV,20180129,-1,1,-1,-1,1,1,1,0,0,1,1,1
753,GC,20180129,-1,1,1,1,1,1,-1,-1,0,0,0,1
754,HG,20180129,1,-1,-1,-1,-1,1,-1,-1,1,0,0,-1
755,HO,20180129,1,-1,1,1,-1,1,-1,0,0,-1,-1,-1
756,JY,20180129,-1,1,1,1,-1,-1,-1,-1,-1,1,1,1
757,LC,20180129,1,-1,1,1,-1,1,-1,1,1,0,0,-1
758,LH,20180129,1,-1,-1,-1,1,1,1,-1,-1,1,1,-1
759,MP,20180129,1,-1,1,1,-1,1,1,0,0,-1,1,-1
760,NE,20180129,1,-1,1,1,1,1,-1,-1,0,0,0,1
761,NG,20180129,1,-1,1,1,-1,-1,-1,0,1,-1,1,-1
762,NIY,20180129,1,-1,-1,-1,1,1,-1,-1,-1,1,1,1
763,NQ,20180129,1,-1,1,1,-1,1,-1,-1,-1,1,1,1
764,PA,20180129,1,-1,-1,-1,1,1,-1,0,0,0,0,-1
765,PL,20180129,-1,1,1,1,-1,1,-1,-1,1,0,0,-1
766,RB,20180129,1,-1,1,1,-1,-1,-1,0,0,-1,-1,-1
767,S,20180129,1,-1,1,1,-1,-1,-1,1,0,0,0,-1
768,SF,20180129,1,-1,1,1,-1,-1,1,-1,-1,1,1,1
769,SI,20180129,-1,1,1,-1,1,1,-1,-1,0,0,0,-1
770,SM,20180129,1,-1,-1,1,1,1,-1,0,0,0,-1,1
771,TU,20180129,-1,1,-1,-1,1,1,-1,0,0,0,1,1
772,TY,20180129,-1,1,-1,-1,1,1,1,0,0,1,1,1
773,US,20180129,-1,1,-1,-1,1,1,1,-1,0,1,0,1
774,W,20180129,1,-1,1,1,-1,-1,-1,0,0,-1,0,-1
775,YM,20180129,1,-1,1,1,1,1,-1,-1,-1,1,1,-1
776,CC,20180129,1,-1,1,1,-1,-1,1,0,0,0,-1,-1
777,CT,20180129,1,-1,-1,-1,1,1,1,-1,0,0,0,-1
778,KC,20180129,1,-1,1,1,-1,-1,-1,0,1,-1,1,1
779,SB,20180129,1,-1,1,-1,-1,-1,-1,0,0,-1,-1,1
780,VX,20180129,-1,1,1,1,-1,-1,1,1,1,-1,-1,-1
781,AD,20180130,1,-1,1,1,-1,1,-1,-1,1,-1,0,-1
782,BO,20180130,1,-1,1,1,-1,-1,-1,0,0,0,0,-1
783,BP,20180130,1,-1,1,1,1,-1,-1,1,1,-1,-1,1
784,C,20180130,1,-1,1,1,-1,-1,-1,-1,0,-1,0,-1
785,CD,20180130,1,-1,1,1,-1,-1,-1,-1,-1,1,1,-1
786,CL,20180130,1,-1,1,1,1,1,-1,-1,0,0,0,-1
787,CU,20180130,1,-1,1,1,-1,-1,-1,0,0,-1,-1,1
788,EMD,20180130,1,-1,-1,1,1,1,-1,-1,-1,1,1,-1
789,ES,20180130,1,-1,-1,1,1,1,1,-1,-1,1,1,-1
790,FC,20180130,1,-1,1,1,-1,-1,-1,0,0,-1,0,1
791,FV,20180130,-1,1,-1,-1,1,1,1,0,-1,1,1,1
792,GC,20180130,-1,1,-1,-1,1,1,-1,0,1,0,0,1
793,HG,20180130,1,-1,1,-1,-1,1,1,1,0,1,0,-1
794,HO,20180130,1,-1,-1,1,1,1,-1,-1,0,0,0,-1
795,JY,20180130,-1,1,1,1,-1,-1,-1,0,0,-1,-1,1
796,LC,20180130,1,-1,-1,1,-1,-1,-1,0,0,0,-1,-1
797,LH,20180130,1,-1,-1,-1,1,1,1,-1,0,0,0,-1
798,MP,20180130,1,-1,1,1,1,1,1,0,0,1,1,-1
799,NE,20180130,1,-1,-1,1,1,1,-1,-1,0,0,0,1
800,NG,20180130,1,-1,1,1,-1,-1,-1,0,0,0,-1,-1
801,NIY,20180130,1,-1,-1,-1,1,1,-1,-1,-1,1,1,1
802,NQ,20180130,1,-1,-1,1,1,1,-1,-1,-1,1,1,1
803,PA,20180130,1,-1,-1,-1,1,1,1,-1,-1,1,1,-1
804,PL,20180130,-1,1,-1,-1,1,1,1,1,0,0,0,-1
805,RB,20180130,1,-1,-1,1,-1,1,-1,-1,0,0,0,-1
806,S,20180130,1,-1,1,1,-1,-1,-1,0,0,-1,-1,-1
807,SF,20180130,1,-1,1,1,-1,-1,-1,1,1,-1,-1,1
808,SI,20180130,-1,1,1,-1,1,1,1,1,0,0,0,-1
809,SM,20180130,1,-1,1,1,1,1,-1,0,0,0,1,1
810,TU,20180130,-1,1,-1,-1,1,1,1,0,0,1,1,1
811,TY,20180130,-1,1,-1,-1,1,1,1,0,-1,1,1,1
812,US,20180130,-1,1,-1,-1,1,1,-1,-1,-1,1,1,1
813,W,20180130,1,-1,1,1,-1,-1,-1,1,1,-1,-1,-1
814,YM,20180130,1,-1,-1,1,1,1,-1,-1,-1,1,1,-1
815,CC,20180130,1,-1,1,1,-1,-1,-1,0,1,0,-1,-1
816,CT,20180130,1,-1,-1,-1,1,1,1,-1,-1,1,1,-1
817,KC,20180130,1,-1,1,1,-1,1,1,-1,0,0,0,1
818,SB,20180130,1,-1,1,1,-1,-1,-1,0,0,-1,-1,1
819,VX,20180130,-1,1,1,1,-1,-1,-1,0,0,-1,-1,1
820,AD,20180131,1,-1,-1,1,1,1,-1,-1,0,0,0,-1
821,BO,20180131,1,-1,1,1,-1,-1,1,-1,0,0,0,-1
822,BP,20180131,1,-1,-1,1,1,-1,-1,0,0,0,-1,1
823,C,20180131,1,-1,1,1,-1,-1,1,0,0,-1,-1,-1
824,CD,20180131,1,-1,1,1,-1,-1,-1,1,1,-1,-1,-1
825,CL,20180131,1,-1,-1,1,-1,1,-1,-1,0,0,0,-1
826,CU,20180131,1,-1,1,1,-1,-1,-1,0,1,-1,-1,1
827,EMD,20180131,1,-1,-1,-1,1,1,-1,-1,-1,1,1,-1
828,ES,20180131,1,-1,-1,1,1,1,-1,-1,-1,1,1,-1
829,FC,20180131,1,-1,-1,-1,-1,-1,-1,1,0,-1,0,1
830,FV,20180131,-1,1,-1,-1,1,1,1,0,-1,1,1,1
831,GC,20180131,-1,1,-1,-1,1,1,-1,1,0,0,0,1
832,HG,20180131,1,-1,-1,1,-1,1,-1,0,0,0,0,-1
833,HO,20180131,1,-1,-1,1,1,1,1,-1,1,0,0,-1
834,JY,20180131,-1,1,-1,1,-1,-1,-1,-1,0,0,0,1
835,LC,20180131,1,-1,-1,1,-1,1,1,-1,0,0,0,-1
836,LH,20180131,1,-1,-1,-1,1,1,1,-1,0,0,0,-1
837,MP,20180131,1,-1,-1,1,1,1,-1,0,0,-1,1,-1
838,NE,20180131,1,-1,-1,1,1,-1,-1,0,0,0,-1,1
839,NG,20180131,1,-1,-1,-1,1,1,-1,-1,-1,1,1,-1
840,NIY,20180131,1,-1,-1,-1,1,1,-1,-1,-1,1,1,1
841,NQ,20180131,1,-1,1,1,1,-1,-1,-1,-1,1,1,1
842,PA,20180131,1,-1,-1,-1,1,1,-1,-1,-1,1,1,-1
843,PL,20180131,-1,1,-1,-1,1,1,-1,-1,1,0,0,-1
844,RB,20180131,1,-1,-1,1,-1,-1,-1,0,1,-1,-1,-1
845,S,20180131,1,-1,1,1,-1,-1,1,1,1,-1,0,-1
846,SF,20180131,1,-1,1,1,-1,-1,-1,1,1,-1,-1,1
847,SI,20180131,-1,1,-1,1,1,1,-1,-1,0,0,0,-1
848,SM,20180131,1,-1,-1,1,1,1,1,-1,0,-1,0,1
849,TU,20180131,-1,1,-1,-1,1,1,1,-1,-1,1,1,1
850,TY,20180131,-1,1,-1,-1,1,1,1,0,0,1,1,1
851,US,20180131,-1,1,-1,-1,1,1,-1,1,1,-1,-1,1
852,W,20180131,1,-1,1,1,-1,-1,-1,-1,-1,1,1,-1
853,YM,20180131,1,-1,-1,1,1,-1,-1,-1,-1,1,1,-1
854,CC,20180131,1,-1,1,1,-1,-1,-1,0,0,-1,-1,-1
855,CT,20180131,1,-1,-1,-1,1,1,-1,1,1,-1,-1,-1
856,KC,20180131,1,-1,-1,-1,-1,1,-1,0,0,1,-1,1
857,SB,20180131,1,-1,1,-1,-1,1,1,-1,-1,1,1,1
858,VX,20180131,-1,1,1,1,-1,1,1,-1,-1,1,1,1
859,AD,20180201,1,-1,1,1,1,1,-1,-1,1,0,0,-1
860,BO,20180201,1,-1,1,1,-1,-1,1,0,-1,0,1,-1
861,BP,20180201,1,-1,1,1,-1,-1,-1,0,0,-1,-1,1
862,C,20180201,1,-1,1,1,-1,-1,-1,0,-1,-1,-1,-1
863,CD,20180201,1,-1,1,1,-1,-1,-1,1,-1,-1,0,-1
864,CL,20180201,1,-1,1,1,1,-1,-1,0,1,-1,0,-1
865,CU,20180201,1,-1,1,1,-1,-1,-1,0,0,-1,-1,1
866,EMD,20180201,1,-1,-1,-1,1,1,-1,-1,-1,1,1,-1
867,ES,20180201,1,-1,-1,1,1,1,-1,-1,-1,1,1,-1
868,FC,20180201,1,-1,1,1,-1,-1,-1,1,1,-1,-1,1
869,FV,20180201,-1,1,-1,-1,1,1,1,0,0,1,1,1
870,GC,20180201,-1,1,-1,1,1,1,-1,0,1,0,-1,1
871,HG,20180201,1,-1,-1,1,-1,-1,-1,0,0,1,0,-1
872,HO,20180201,1,-1,-1,1,1,-1,-1,-1,1,0,0,-1
873,JY,20180201,-1,1,-1,1,-1,1,1,1,0,-1,0,1
874,LC,20180201,1,-1,1,1,-1,-1,-1,-1,0,-1,1,-1
875,LH,20180201,1,-1,-1,-1,1,1,-1,0,0,0,0,-1
876,MP,20180201,1,-1,1,1,-1,-1,-1,1,0,0,0,-1
877,NE,20180201,1,-1,1,1,1,-1,-1,0,0,0,-1,1
878,NG,20180201,1,-1,-1,-1,1,1,1,-1,0,0,0,-1
879,NIY,20180201,1,-1,-1,-1,1,1,-1,-1,-1,1,1,1
880,NQ,20180201,1,-1,-1,1,1,1,1,-1,-1,1,1,1
881,PA,20180201,1,-1,-1,-1,1,1,-1,1,1,-1,-1,-1
882,PL,20180201,-1,1,-1,1,1,-1,-1,0,1,0,-1,-1
883,RB,20180201,1,-1,-1,1,-1,-1,-1,0,-1,-1,-1,-1
884,S,20180201,1,-1,-1,1,1,1,1,-1,0,0,0,-1
885,SF,20180201,1,-1,1,1,-1,-1,-1,1,1,-1,-1,1
886,SI,20180201,-1,1,-1,1,1,1,-1,-1,1,0,0,-1
887,SM,20180201,1,-1,-1,1,1,1,1,1,0,0,0,1
888,TU,20180201,-1,1,-1,-1,1,1,1,-1,-1,1,1,1
889,TY,20180201,-1,1,-1,-1,1,1,1,0,0,1,1,1
890,US,20180201,-1,1,-1,-1,1,1,-1,-1,-1,1,1,1
891,W,20180201,1,-1,1,1,-1,-1,-1,-1,-1,1,1,-1
892,YM,20180201,1,-1,-1,1,1,1,-1,-1,-1,1,1,-1
893,CC,20180201,1,-1,1,1,-1,-1,-1,0,0,-1,-1,-1
894,CT,20180201,1,-1,-1,-1,1,-1,-1,-1,0,0,0,-1
895,KC,20180201,1,-1,-1,1,1,1,1,0,0,0,0,1
896,SB,20180201,1,-1,1,1,-1,-1,-1,1,1,-1,-1,1
897,VX,20180201,-1,1,1,1,1,1,-1,0,1,0,1,-1
898,AD,20180202,1,-1,-1,-1,1,1,1,-1,-1,1,1,-1
899,BO,20180202,1,-1,-1,1,1,-1,1,0,-1,1,0,-1
900,BP,20180202,1,-1,-1,1,1,1,-1,-1,-1,1,1,1
901,C,20180202,1,-1,1,1,-1,-1,-1,0,0,-1,1,-1
902,CD,20180202,1,-1,-1,1,1,1,1,-1,-1,1,1,-1
903,CL,20180202,1,-1,-1,1,1,-1,1,0,1,0,-1,-1
904,CU,20180202,1,-1,1,1,-1,1,1,1,0,-1,1,1
905,EMD,20180202,1,-1,-1,-1,1,1,-1,-1,-1,1,1,-1
906,ES,20180202,1,-1,-1,-1,1,1,-1,-1,-1,1,1,-1
907,FC,20180202,1,-1,1,1,-1,-1,-1,0,-1,1,1,1
908,FV,20180202,-1,1,-1,-1,1,1,1,0,-1,1,1,1
909,GC,20180202,-1,1,-1,-1,1,1,-1,1,0,0,0,1
910,HG,20180202,1,-1,-1,1,-1,1,-1,0,1,1,-1,-1
911,HO,20180202,1,-1,-1,-1,1,1,-1,0,0,-1,1,-1
912,JY,20180202,-1,1,-1,1,1,1,1,-1,0,0,0,1
913,LC,20180202,1,-1,1,1,-1,-1,-1,0,1,-1,-1,-1
914,LH,20180202,1,-1,-1,-1,1,-1,-1,0,0,1,0,-1
915,MP,20180202,1,-1,1,1,-1,1,1,-1,0,-1,0,-1
916,NE,20180202,1,-1,-1,1,1,1,-1,1,0,0,0,1
917,NG,20180202,1,-1,-1,-1,1,1,-1,1,0,0,-1,-1
918,NIY,20180202,1,-1,-1,-1,1,1,-1,-1,-1,1,1,1
919,NQ,20180202,1,-1,-1,-1,1,1,-1,-1,-1,1,1,-1
920,PA,20180202,1,-1,-1,-1,1,-1,-1,0,0,-1,0,-1
921,PL,20180202,-1,1,-1,-1,1,1,-1,1,0,0,0,-1
922,RB,20180202,1,-1,-1,1,-1,1,-1,0,0,-1,-1,-1
923,S,20180202,1,-1,-1,1,1,1,1,0,-1,0,0,-1
924,SF,20180202,1,-1,1,1,-1,-1,1,-1,-1,1,1,1
925,SI,20180202,-1,1,-1,-1,1,1,1,-1,-1,1,1,-1
926,SM,20180202,1,-1,-1,-1,1,1,1,0,-1,0,0,1
927,TU,20180202,-1,1,-1,-1,1,1,1,0,-1,1,1,1
928,TY,20180202,-1,1,-1,-1,1,1,1,-1,-1,1,1,1
929,US,20180202,-1,1,-1,-1,1,1,-1,0,0,1,1,1
930,W,20180202,1,-1,1,1,-1,1,-1,-1,-1,1,1,-1
931,YM,20180202,1,-1,-1,-1,1,1,-1,-1,-1,1,1,-1
932,CC,20180202,1,-1,1,1,-1,-1,-1,0,0,-1,-1,-1
933,CT,20180202,1,-1,-1,-1,1,-1,-1,-1,0,0,0,-1
934,KC,20180202,1,-1,-1,-1,1,1,-1,0,-1,0,0,1
935,SB,20180202,1,-1,1,1,1,-1,-1,1,1,-1,-1,1
936,VX,20180202,-1,1,1,1,-1,-1,-1,1,1,-1,-1,1
937,AD,20180205,1,-1,-1,-1,1,1,-1,-1,-1,1,1,-1
938,BO,20180205,1,-1,-1,1,1,-1,-1,0,1,1,-1,-1
939,BP,20180205,1,-1,-1,1,1,1,-1,-1,-1,1,1,1
940,C,20180205,1,-1,1,1,-1,1,1,0,0,-1,1,-1
941,CD,20180205,1,-1,-1,-1,1,1,-1,-1,-1,1,1,-1
942,CL,20180205,1,-1,-1,1,1,1,-1,-1,0,0,0,-1
943,CU,20180205,1,-1,1,1,-1,1,1,0,0,-1,0,1
944,EMD,20180205,1,-1,-1,-1,1,1,-1,-1,-1,1,1,-1
945,ES,20180205,1,-1,-1,-1,1,1,-1,-1,-1,1,1,-1
946,FC,20180205,1,-1,1,1,-1,-1,-1,0,-1,0,0,1
947,FV,20180205,-1,1,-1,-1,-1,-1,-1,1,1,-1,-1,1
948,GC,20180205,-1,1,-1,-1,1,1,1,-1,0,0,0,1
949,HG,20180205,1,-1,1,1,-1,-1,-1,0,0,1,1,-1
950,HO,20180205,1,-1,-1,-1,1,1,-1,-1,0,0,0,-1
951,JY,20180205,-1,1,-1,1,1,1,-1,0,0,0,-1,1
952,LC,20180205,1,-1,1,1,-1,-1,1,0,-1,-1,-1,-1
953,LH,20180205,1,-1,-1,-1,1,-1,-1,0,1,-1,-1,-1
954,MP,20180205,1,-1,-1,1,1,1,1,-1,0,0,0,-1
955,NE,20180205,1,-1,-1,-1,1,1,1,-1,0,0,0,1
956,NG,20180205,1,-1,-1,-1,1,1,-1,0,1,0,0,-1
957,NIY,20180205,1,-1,-1,-1,1,1,-1,-1,-1,1,1,-1
958,NQ,20180205,1,-1,-1,-1,1,1,-1,-1,-1,1,1,-1
959,PA,20180205,1,-1,-1,-1,-1,-1,-1,0,0,0,1,-1
960,PL,20180205,-1,1,-1,-1,1,1,-1,1,0,0,0,-1
961,RB,20180205,1,-1,-1,-1,1,1,-1,-1,0,0,0,-1
962,S,20180205,1,-1,-1,-1,1,1,-1,0,-1,0,-1,-1
963,SF,20180205,1,-1,1,1,1,1,1,-1,0,0,0,1
964,SI,20180205,-1,1,-1,-1,1,1,1,1,0,1,0,-1
965,SM,20180205,1,-1,-1,-1,1,1,1,0,0,1,-1,-1
966,TU,20180205,-1,1,1,1,-1,-1,1,1,1,-1,-1,1
967,TY,20180205,-1,1,-1,-1,-1,-1,-1,1,1,-1,-1,1
968,US,20180205,-1,1,-1,-1,1,-1,-1,0,0,1,1,1
969,W,20180205,1,-1,-1,1,1,1,1,-1,-1,1,1,1
970,YM,20180205,1,-1,-1,-1,1,1,-1,-1,-1,1,1,-1
971,CC,20180205,1,-1,1,1,-1,-1,1,-1,-1,1,1,-1
972,CT,20180205,1,-1,-1,-1,1,1,-1,-1,0,0,0,-1
973,KC,20180205,1,-1,-1,-1,1,1,-1,0,0,0,0,1
974,SB,20180205,1,-1,1,1,-1,-1,-1,1,1,-1,-1,1
975,VX,20180205,-1,1,1,1,-1,-1,1,1,1,-1,-1,1
976,AD,20180206,1,-1,-1,-1,1,1,1,-1,-1,1,1,-1
977,BO,20180206,1,-1,1,1,-1,-1,-1,0,-1,0,1,-1
978,BP,20180206,1,-1,-1,-1,1,1,-1,-1,0,0,0,1
979,C,20180206,1,-1,1,1,-1,-1,-1,0,0,0,0,-1
980,CD,20180206,1,-1,-1,-1,1,1,1,-1,-1,1,1,-1
981,CL,20180206,1,-1,-1,-1,1,1,1,-1,-1,1,1,-1
982,CU,20180206,1,-1,-1,1,-1,1,-1,-1,0,0,0,1
983,EMD,20180206,1,-1,-1,-1,-1,-1,-1,-1,-1,1,1,-1
984,ES,20180206,1,-1,-1,-1,-1,-1,-1,-1,-1,1,1,-1
985,FC,20180206,1,-1,1,1,-1,-1,-1,0,0,-1,0,1
986,FV,20180206,-1,1,-1,-1,-1,-1,-1,1,1,-1,-1,1
987,GC,20180206,-1,1,-1,-1,1,1,-1,-1,0,0,0,1
988,HG,20180206,1,-1,1,1,1,1,1,-1,0,1,0,-1
989,HO,20180206,1,-1,-1,-1,1,1,-1,-1,0,0,0,-1
990,JY,20180206,-1,1,-1,1,-1,-1,-1,0,0,-1,-1,1
991,LC,20180206,1,-1,1,-1,-1,-1,-1,0,0,-1,-1,-1
992,LH,20180206,1,-1,-1,-1,1,1,1,-1,0,0,0,-1
993,MP,20180206,1,-1,1,1,1,1,-1,1,0,1,0,-1
994,NE,20180206,1,-1,-1,-1,1,1,-1,1,0,0,0,1
995,NG,20180206,1,-1,-1,-1,1,1,-1,1,1,-1,-1,-1
996,NIY,20180206,1,-1,-1,-1,-1,-1,-1,-1,-1,1,1,-1
997,NQ,20180206,1,-1,-1,-1,-1,-1,-1,-1,-1,1,1,-1
998,PA,20180206,1,-1,-1,-1,1,1,1,-1,-1,1,1,-1
999,PL,20180206,-1,1,-1,-1,1,1,-1,-1,0,1,0,-1
1000,RB,20180206,1,-1,-1,-1,1,1,-1,-1,0,0,0,-1
1001,S,20180206,1,-1,-1,1,-1,-1,-1,1,1,-1,-1,-1
1002,SF,20180206,1,-1,-1,1,1,1,-1,0,1,0,0,1
1003,SI,20180206,-1,1,-1,-1,1,1,1,0,0,1,1,1
1004,SM,20180206,1,-1,-1,-1,1,1,-1,0,0,1,-1,-1
1005,TU,20180206,-1,1,1,-1,-1,-1,1,-1,-1,1,1,1
1006,TY,20180206,-1,1,-1,-1,-1,-1,-1,1,0,0,0,1
1007,US,20180206,-1,1,-1,-1,1,-1,-1,0,0,1,1,1
1008,W,20180206,1,-1,-1,1,1,1,-1,1,1,-1,-1,1
1009,YM,20180206,1,-1,-1,-1,-1,-1,-1,-1,-1,1,1,-1
1010,CC,20180206,1,-1,1,1,-1,-1,1,0,0,-1,-1,-1
1011,CT,20180206,1,-1,-1,-1,1,1,-1,-1,0,0,0,-1
1012,KC,20180206,1,-1,1,1,1,-1,-1,0,0,0,0,1
1013,SB,20180206,1,-1,1,1,-1,-1,1,-1,-1,1,1,1
1014,VX,20180206,-1,1,1,1,1,1,1,1,-1,0,0,1
1015,AD,20180207,1,-1,-1,-1,1,1,1,0,0,0,0,-1
1016,BO,20180207,1,-1,-1,-1,1,1,1,0,1,0,-1,-1
1017,BP,20180207,1,-1,-1,-1,1,1,-1,-1,0,0,0,1
1018,C,20180207,1,-1,1,1,-1,-1,-1,0,-1,-1,-1,-1
1019,CD,20180207,1,-1,-1,-1,1,1,-1,0,0,0,0,-1
1020,CL,20180207,1,-1,-1,-1,1,1,-1,-1,-1,1,1,-1
1021,CU,20180207,1,-1,-1,-1,1,1,-1,-1,0,0,0,1
1022,EMD,20180207,1,-1,-1,-1,-1,-1,-1,-1,-1,1,1,-1
1023,ES,20180207,1,-1,-1,-1,1,1,1,-1,-1,1,1,-1
1024,FC,20180207,1,-1,1,1,-1,-1,1,0,0,-1,-1,1
1025,FV,20180207,-1,1,-1,-1,-1,1,1,-1,-1,1,1,1
1026,GC,20180207,-1,1,-1,-1,1,1,-1,-1,1,0,0,1
1027,HG,20180207,1,-1,-1,-1,1,1,-1,0,0,0,0,-1
1028,HO,20180207,1,-1,-1,-1,1,1,-1,-1,-1,1,1,-1
1029,JY,20180207,-1,1,-1,-1,-1,-1,-1,0,1,0,-1,1
1030,LC,20180207,1,-1,1,-1,-1,-1,1,0,0,0,-1,-1
1031,LH,20180207,1,-1,-1,-1,1,1,1,-1,-1,1,1,-1
1032,MP,20180207,1,-1,-1,-1,1,1,-1,-1,0,0,0,-1
1033,NE,20180207,1,-1,-1,-1,1,1,-1,-1,0,1,0,1
1034,NG,20180207,1,-1,-1,-1,1,1,1,-1,-1,1,1,-1
1035,NIY,20180207,1,-1,-1,-1,1,1,-1,-1,-1,1,1,-1
1036,NQ,20180207,1,-1,-1,-1,1,1,-1,-1,-1,1,1,-1
1037,PA,20180207,1,-1,-1,-1,1,1,-1,-1,-1,1,1,-1
1038,PL,20180207,-1,1,-1,-1,1,1,1,-1,0,0,0,-1
1039,RB,20180207,1,-1,-1,-1,1,1,-1,-1,1,0,0,-1
1040,S,20180207,1,-1,-1,-1,-1,-1,1,0,-1,-1,1,-1
1041,SF,20180207,1,-1,-1,1,1,1,-1,-1,0,0,0,1
1042,SI,20180207,-1,1,-1,-1,1,1,-1,-1,-1,1,1,1
1043,SM,20180207,1,-1,-1,-1,-1,-1,-1,0,0,0,1,-1
1044,TU,20180207,-1,1,1,-1,1,1,1,-1,-1,1,1,1
1045,TY,20180207,-1,1,-1,-1,1,1,1,1,0,0,0,1
1046,US,20180207,-1,1,-1,-1,1,1,1,0,0,1,0,1
1047,W,20180207,1,-1,1,1,-1,-1,-1,1,1,-1,-1,1
1048,YM,20180207,1,-1,-1,-1,-1,-1,-1,-1,-1,1,1,-1
1049,CC,20180207,1,-1,1,1,-1,1,-1,0,1,0,0,-1
1050,CT,20180207,1,-1,-1,-1,1,1,-1,-1,1,1,0,-1
1051,KC,20180207,1,-1,1,1,1,-1,-1,0,0,0,0,1
1052,SB,20180207,1,-1,1,1,-1,-1,-1,1,1,-1,-1,1
1053,VX,20180207,-1,1,1,1,1,1,1,0,1,-1,-1,1
1054,AD,20180208,1,-1,-1,-1,1,1,1,-1,-1,1,1,-1
1055,BO,20180208,1,-1,-1,-1,1,1,1,-1,-1,1,1,-1
1056,BP,20180208,1,-1,-1,-1,1,1,-1,-1,1,0,1,1
1057,C,20180208,1,-1,1,1,-1,-1,-1,0,0,-1,-1,-1
1058,CD,20180208,1,-1,-1,-1,1,1,1,-1,0,0,0,-1
1059,CL,20180208,1,-1,-1,-1,1,1,-1,-1,-1,1,1,-1
1060,CU,20180208,1,-1,-1,-1,1,1,1,-1,1,0,0,1
1061,EMD,20180208,1,-1,-1,-1,1,1,-1,-1,-1,1,1,-1
1062,ES,20180208,1,-1,-1,-1,1,1,1,-1,-1,1,1,-1
1063,FC,20180208,1,-1,-1,1,-1,1,1,-1,0,1,0,1
1064,FV,20180208,-1,1,1,-1,1,1,1,-1,-1,1,1,1
1065,GC,20180208,-1,1,-1,-1,1,1,-1,0,0,0,1,1
1066,HG,20180208,1,-1,-1,-1,1,1,1,1,-1,0,0,-1
1067,HO,20180208,1,-1,-1,-1,1,1,-1,-1,-1,1,1,-1
1068,JY,20180208,-1,1,1,1,-1,-1,-1,0,0,-1,-1,1
1069,LC,20180208,1,-1,-1,1,-1,-1,1,0,-1,0,0,-1
1070,LH,20180208,1,-1,-1,-1,1,1,-1,0,1,1,1,-1
1071,MP,20180208,1,-1,-1,-1,1,1,1,1,0,0,0,-1
1072,NE,20180208,1,-1,-1,-1,1,1,1,-1,0,0,0,1
1073,NG,20180208,1,-1,-1,-1,1,1,1,-1,-1,1,1,-1
1074,NIY,20180208,1,-1,-1,-1,1,1,1,-1,-1,1,1,-1
1075,NQ,20180208,1,-1,-1,-1,1,1,-1,-1,-1,1,1,-1
1076,PA,20180208,1,-1,-1,-1,1,1,1,-1,-1,1,1,-1
1077,PL,20180208,-1,1,-1,-1,1,1,1,-1,0,0,0,-1
1078,RB,20180208,1,-1,-1,-1,1,1,1,-1,-1,0,0,-1
1079,S,20180208,1,-1,1,-1,-1,-1,-1,0,0,-1,0,-1
1080,SF,20180208,1,-1,-1,1,1,-1,-1,0,1,1,0,1
1081,SI,20180208,-1,1,-1,-1,1,1,-1,0,-1,1,0,1
1082,SM,20180208,1,-1,1,1,-1,-1,-1,0,0,0,-1,-1
1083,TU,20180208,-1,1,1,-1,1,1,1,1,1,-1,-1,1
1084,TY,20180208,-1,1,-1,-1,1,1,1,0,0,1,1,1
1085,US,20180208,-1,1,-1,-1,1,1,-1,-1,-1,1,1,1
1086,W,20180208,1,-1,1,1,-1,-1,-1,-1,-1,1,1,1
1087,YM,20180208,1,-1,-1,-1,1,1,1,-1,-1,1,1,-1
1088,CC,20180208,1,-1,1,1,-1,1,-1,0,0,-1,1,-1
1089,CT,20180208,1,-1,-1,-1,1,1,-1,-1,0,-1,0,-1
1090,KC,20180208,1,-1,1,-1,1,-1,1,1,1,1,0,1
1091,SB,20180208,1,-1,1,1,-1,-1,-1,-1,-1,1,1,1
1092,VX,20180208,-1,1,1,1,-1,-1,-1,1,0,-1,0,1
1093,AD,20180209,1,-1,-1,-1,1,1,1,-1,-1,1,1,-1
1094,BO,20180209,1,-1,-1,-1,1,1,-1,1,0,0,0,-1
1095,BP,20180209,1,-1,-1,-1,1,1,-1,-1,0,0,0,1
1096,C,20180209,1,-1,1,1,-1,1,1,-1,0,-1,0,-1
1097,CD,20180209,1,-1,-1,-1,1,1,1,-1,-1,1,1,-1
1098,CL,20180209,1,-1,-1,-1,1,1,-1,-1,-1,1,1,-1
1099,CU,20180209,1,-1,-1,-1,1,1,-1,-1,1,0,0,1
1100,EMD,20180209,1,-1,-1,-1,-1,-1,-1,0,0,0,1,-1
1101,ES,20180209,1,-1,-1,-1,-1,-1,-1,0,0,-1,-1,-1
1102,FC,20180209,1,-1,-1,-1,1,1,1,-1,0,1,0,1
1103,FV,20180209,-1,1,1,-1,-1,-1,-1,1,1,-1,-1,1
1104,GC,20180209,-1,1,-1,-1,1,1,1,-1,-1,0,0,1
1105,HG,20180209,1,-1,-1,-1,1,1,-1,0,0,1,1,-1
1106,HO,20180209,1,-1,-1,-1,1,1,1,-1,-1,1,1,-1
1107,JY,20180209,-1,1,1,1,-1,-1,-1,0,0,-1,-1,1
1108,LC,20180209,1,-1,-1,-1,-1,1,-1,-1,1,-1,0,-1
1109,LH,20180209,1,-1,-1,-1,1,1,1,0,0,1,0,-1
1110,MP,20180209,1,-1,-1,-1,1,1,-1,0,1,0,0,-1
1111,NE,20180209,1,-1,-1,-1,1,1,-1,0,0,0,-1,1
1112,NG,20180209,1,-1,-1,-1,1,1,1,-1,-1,1,1,-1
1113,NIY,20180209,1,-1,-1,-1,1,1,-1,0,1,1,0,-1
1114,NQ,20180209,1,-1,-1,-1,-1,-1,-1,0,0,0,-1,-1
1115,PA,20180209,1,-1,-1,-1,1,1,-1,1,1,-1,-1,-1
1116,PL,20180209,-1,1,-1,-1,1,1,1,0,0,0,1,-1
1117,RB,20180209,1,-1,-1,-1,1,1,1,0,1,0,-1,-1
1118,S,20180209,1,-1,1,-1,-1,-1,-1,0,1,-1,-1,-1
1119,SF,20180209,1,-1,-1,-1,1,-1,-1,0,1,1,-1,1
1120,SI,20180209,-1,1,-1,-1,1,1,1,0,-1,1,0,1
1121,SM,20180209,1,-1,1,1,-1,-1,-1,0,0,-1,-1,-1
1122,TU,20180209,-1,1,1,1,-1,-1,1,1,1,-1,-1,1
1123,TY,20180209,-1,1,1,-1,1,1,-1,-1,0,0,0,1
1124,US,20180209,-1,1,-1,-1,1,1,-1,0,0,1,1,1
1125,W,20180209,1,-1,1,1,1,-1,-1,-1,-1,1,1,1
1126,YM,20180209,1,-1,-1,-1,-1,-1,-1,0,0,-1,-1,-1
1127,CC,20180209,1,-1,-1,1,-1,1,-1,-1,1,0,0,-1
1128,CT,20180209,1,-1,-1,-1,1,1,-1,1,1,0,0,-1
1129,KC,20180209,1,-1,1,-1,1,-1,1,1,0,0,0,1
1130,SB,20180209,1,-1,1,1,-1,-1,-1,0,0,1,-1,1
1131,VX,20180209,-1,1,1,1,1,1,1,1,0,0,0,1
